id,status,initial_score,final_score,initial_iou,final_iou,trim90_rmse,train_rmse_px,scale,q1_deg,q2_deg,q3_deg,q4_deg,iterations,seconds
0,completed,0.1853755571134656,0.17196598680041966,0.8880836032870294,0.8942866040189775,0.0047441465130591345,0.932283266268758,1.684337051732523,-3.990736559293933,-3.0552067796877243,-9.738132580454998,-32.34792166288464,70,2.5545784529999764
1,completed,1.0876297158641497,0.1718572986597676,0.5692375252098106,0.8943965122456082,0.004744593708208703,0.9318686406871383,1.6843588493488162,-3.947443355869017,-3.065224648610057,-9.736102330641847,-32.3324009290083,70,2.521139768000012
2,completed,0.8510777495153141,0.1716659252909253,0.6246966452533904,0.8942631964809384,0.004715884854872525,0.9338503513393438,1.6837712287115325,-3.6793153802732848,-3.119091618653255,-9.708415446146276,-32.35029599359607,70,2.5332675770000606
3,completed,1.4916771181636448,0.1719804651240426,0.45686225412458614,0.894193950275737,0.00473776360964301,0.9321252084063515,1.6840082541765977,-3.868151656842178,-3.1040645426206694,-9.721082584248984,-32.348379306458604,70,2.5664907529999255
4,completed,1.3135759741669206,0.171602532917301,0.5321252846292257,0.894349164467898,0.004717185464081472,0.9345471816221371,1.6839069046544404,-3.8302953377747158,-3.0785648577254263,-9.715022664072556,-32.344674977852364,70,2.533844120999902
5,completed,1.5568096853305198,0.17218807476942574,0.40759437780557806,0.894328150467923,0.004767884750057253,0.9301608236661739,1.6849312856587697,-3.810065810234555,-3.1434802902994594,-9.773051554145306,-32.342060855597985,70,2.510691430999941
6,completed,0.9413020477078793,0.17175602960831624,0.6731286088328623,0.8945005405999743,0.004745124551065677,0.9315075595502396,1.6842559723816959,-3.521577462526975,-2.9984155994056128,-9.736691952945508,-32.34701866076189,70,2.5105573410000943
7,completed,1.7090173412568452,0.1717533888807234,0.42894721373148365,0.8942631964809384,0.004723134836971605,0.9338967318002571,1.6837515319212935,-3.65453797989483,-3.111729547878247,-9.710500938976924,-32.350848049073306,70,2.4899358400000438
8,completed,1.230007253914155,0.17163819085432525,0.519365480452025,0.8944610367004415,0.004730943087055395,0.9327910510102029,1.6841876563365792,-3.7600847928134407,-3.0606637290378553,-9.730256187266248,-32.338214085764754,70,2.5323345249998965
9,completed,1.1013741808775028,0.1722328686783624,0.5005176632992407,0.894277969081984,0.004766059253799414,0.9318126714753403,1.6848558187896756,-3.7801240860664427,-3.0615045906648413,-9.774332664490766,-32.34194092172368,70,2.516379829000016
10,completed,1.021605735544096,0.17226343690269613,0.5847167495639817,0.8943482641751397,0.004772600138469737,0.9340499416198966,1.6845554812921637,-3.8358611399588174,-3.080515043382054,-9.760089553661006,-32.3300645619975,70,2.564439540999956
11,completed,1.3266779977345213,0.17173615935422712,0.47587378512919115,0.8944157414532263,0.004736677618969221,0.9311769379822777,1.6843378780269305,-3.8643779884496214,-3.0608616999254257,-9.74035217932474,-32.33363285132384,70,2.542338288999872
12,completed,2.695364252215751,0.17214721075745187,0.32506929315864297,0.8944851593990473,0.004774606361046682,0.9337093823938973,1.6845178988963785,-3.648609381029027,-3.0591764392912606,-9.75400238903335,-32.338740054623706,70,2.6501694250000583
13,completed,1.5199082756829843,0.17194627590558825,0.4015089083628344,0.8942933040212513,0.00474320626939803,0.9321104694063204,1.6842794661094664,-3.8378477005962677,-3.125563135827472,-9.73464071635553,-32.3439188065205,70,2.5422052420001364
14,completed,1.0524420139487956,0.17167008438000683,0.593253826220167,0.894317286371383,0.004718666465062206,0.9363373170643329,1.6838330276400884,-3.9449684802377014,-2.9954679532626995,-9.705744615415407,-32.35350387312413,70,2.5223931880000237
15,completed,1.0232869919553975,0.1716344838847815,0.6025296419078339,0.8946085617944582,0.004743941149663415,0.9315751883278768,1.6843007105136996,-3.6326987968906437,-3.063465207942718,-9.744574881430493,-32.3281030540148,70,2.527728525000157
16,completed,2.663431227308577,0.17184053899428936,0.3105353618944554,0.8944707046278993,0.00475078618027979,0.9301809458831237,1.6844158819790287,-3.8007721652236763,-3.0836825438772983,-9.744024727998118,-32.3448343048212,70,2.5857105420000153
17,completed,1.5491880639142508,0.17194135963271784,0.38082771250596475,0.8942267172355668,0.004738105416117994,0.93108118748687,1.6840519695026,-3.90961831369385,-3.0882445571557082,-9.722484884504173,-32.34682978670776,70,2.5061328229999162
18,completed,1.5590599907396565,0.1716717437758245,0.4493188675220187,0.8943838754008245,0.004727392249281309,0.9326912185273326,1.6841134513274674,-3.7913863281268747,-3.080328894929225,-9.724784147639406,-32.343424034786935,70,2.5240163089999896
19,completed,0.7727069499382518,0.1719468722295197,0.6472705662619916,0.8943086451423755,0.004743091525997279,0.9338419059927897,1.6840927069339982,-3.838065719886062,-3.074739804387408,-9.727005391489374,-32.34982286997545,70,2.552698633000091
20,completed,1.9453986433772972,0.17181119705479755,0.2610836771967801,0.8941159229134609,0.004717616164272473,0.9315725996988733,1.684089147386528,-3.967240066103231,-3.1305580156694996,-9.727916843302125,-32.348833770633895,70,2.539022993999879
21,completed,1.4357379542786823,0.17204855330233904,0.5373659460739538,0.8942519050410317,0.004747863198330488,0.9326099963404882,1.684261493459852,-3.9916295382901117,-3.055975336009328,-9.735122494288753,-32.34381507087477,70,2.5072032570001284
22,completed,1.0294773228357446,0.1717129318217956,0.6135684107897302,0.8941542972329118,0.004708481627273116,0.9365449527430036,1.6837048683578009,-3.8764055607274615,-3.086984193321786,-9.705003062605847,-32.35380386982417,70,2.498423363000029
23,completed,1.6354913509397606,0.17250034718036095,0.39524056578013217,0.8943783189891961,0.004797775404109004,0.9305361320248954,1.6850505915670275,-3.967830008222433,-3.112880973308255,-9.782785326169627,-32.3415842388601,70,2.542957496000099
24,completed,3.0596203727293,0.17166127845064638,0.22888997197514316,0.8943761338439831,0.004725150250165256,0.9335609292646363,1.6840068971559037,-3.70027643661664,-3.102195328184798,-9.72280482046199,-32.343899096496216,70,2.5729793710002014
25,completed,0.9853478890121685,0.17209986191612325,0.6697746080658227,0.8944389493350917,0.004768001932165895,0.9322788065224243,1.6845499529740593,-3.912146892110088,-3.0997323951109723,-9.760525833888998,-32.33581965857955,70,2.558765205999862
26,completed,0.9133445238478357,0.17226019785399294,0.6083632391948822,0.8943551045825855,0.004774665485083656,0.9319316615574563,1.68476246105776,-3.967955307692735,-3.032228764391846,-9.764267060721632,-32.34485395808268,70,2.527296075000095
27,completed,1.2216937412888398,0.17203867342888823,0.47622770519174196,0.894423478547613,0.0047601314883149205,0.9340574116722137,1.684484826228575,-3.7758633360391696,-3.060871912754158,-9.751437909878439,-32.323335606342,70,2.508503195000003
28,completed,0.9715576449850838,0.17180062674855973,0.6114955181632332,0.8943019421033346,0.004730833728832143,0.9332564105908596,1.6841266500807666,-3.8672625097779374,-3.0811681393138715,-9.730281012054103,-32.348876768766125,70,2.5389040820000446
29,completed,1.2231473349442619,0.17174993851069426,0.4147169277666913,0.8944870925780033,0.0047438992559772405,0.9310240016970678,1.684354984153459,-3.7832652106116478,-3.0600700623411634,-9.741260279696094,-32.336204910132984,70,2.5090244259999963
30,completed,2.287581151380407,0.17180202711839804,0.13924586922751023,0.8941978271623032,0.004721813389336136,0.9338093608667648,1.6839238057921695,-3.9894566351024157,-3.0975259464403173,-9.72183393915258,-32.34695547294868,70,2.530692128999817
31,completed,1.3881791485928332,0.17198279292048058,0.5353257774233967,0.8943029858948526,0.0047448650566244135,0.9347398135840174,1.6844456244725579,-4.010342248170574,-3.0376995201823176,-9.753288451347611,-32.33801852795486,70,2.543389122999997
