proposal_index,x_m,y_m,status,reason
0,-0.10531330117729037,0.12810003564223132,ACCEPTED,
1,-0.008434428022909946,-0.1886798791668513,ACCEPTED,
2,-0.17899231724787373,0.19181722823574032,REJECTED,ENDPOINT_IK_FAILED
3,0.05950441031400183,-0.10088858864484074,REJECTED,ENDPOINT_IK_FAILED
4,0.21315592573695313,-0.2787415476731809,REJECTED,ENDPOINT_IK_FAILED
5,-0.21326989468412072,-0.11454306538599987,REJECTED,ENDPOINT_IK_FAILED
6,-0.21226754996531622,-0.2368184879497171,REJECTED,ENDPOINT_IK_FAILED
7,0.18775080931964294,-0.29182678517575966,REJECTED,ENDPOINT_IK_FAILED
8,-0.2990328066230235,0.2517414458807971,REJECTED,ENDPOINT_IK_FAILED
9,0.16081837168245755,-0.26389008615785886,REJECTED,ENDPOINT_IK_FAILED
10,-0.08820289327410016,0.12320486996546959,ACCEPTED,
11,0.03964302850789614,-0.29676025597273176,REJECTED,ENDPOINT_IK_FAILED
12,-0.27738037608946103,0.2672118085478071,REJECTED,ENDPOINT_IK_FAILED
13,-0.2202958892826936,-0.28255990397424297,REJECTED,ENDPOINT_IK_FAILED
14,0.09652685978125874,-0.2988393805248879,REJECTED,ENDPOINT_IK_FAILED
15,0.17477705753842915,0.26856578337288245,REJECTED,ENDPOINT_IK_FAILED
16,-0.21045202716453282,-0.005565057323771105,ACCEPTED,
17,-0.09885472023462807,-0.13532677696133885,ACCEPTED,
18,-0.23881535384254982,-0.08437179921202034,REJECTED,ENDPOINT_IK_FAILED
19,-0.1747198660482017,-0.2186109116047717,REJECTED,ENDPOINT_IK_FAILED
20,-0.25620995773426386,0.07560800730886652,REJECTED,ENDPOINT_IK_FAILED
21,-0.04841031994379513,0.2576395951995198,REJECTED,ENDPOINT_IK_FAILED
22,-0.25224818690766354,0.1291335431457712,REJECTED,ENDPOINT_IK_FAILED
23,0.2209392927251999,-0.28675827298103607,REJECTED,ENDPOINT_IK_FAILED
24,0.06950830381485634,0.11377812454014757,ACCEPTED,
25,0.025685615451869426,-0.07046609382400365,REJECTED,ENDPOINT_IK_FAILED
26,0.006911866381325904,0.0910706003004893,REJECTED,ENDPOINT_IK_FAILED
27,0.07485648327140576,-0.11164994704116829,ACCEPTED,
28,-0.26352006597038063,0.09355945219460837,REJECTED,ENDPOINT_IK_FAILED
29,0.2602429696067728,-0.14266607877603868,REJECTED,ENDPOINT_IK_FAILED
30,-0.11323353492877028,0.132273765016296,ACCEPTED,
31,0.08002284659058956,-0.18269088335952843,ACCEPTED,
32,-0.01340386002275007,-0.17817358240191014,ACCEPTED,
33,0.2525955995016896,0.07457608897398016,REJECTED,ENDPOINT_IK_FAILED
34,-0.2776023993006515,0.24737555050609245,REJECTED,ENDPOINT_IK_FAILED
35,0.00913919292510107,-0.14501590538545864,ACCEPTED,
36,-0.21468023657081714,0.21341724693260405,REJECTED,ENDPOINT_IK_FAILED
37,-0.1732482878066045,0.20460787045082857,REJECTED,ENDPOINT_IK_FAILED
38,-0.17901936919416256,0.10570623242189225,ACCEPTED,
39,0.2304884965663006,-0.1304259425753477,REJECTED,ENDPOINT_IK_FAILED
40,-0.08531282896722928,-0.009507960791709125,REJECTED,ENDPOINT_IK_FAILED
41,0.038424904249446556,0.17446530703740565,ACCEPTED,
42,0.02603993908053981,-0.07015552537742839,REJECTED,ENDPOINT_IK_FAILED
43,0.24039824336289944,-0.03912660234972387,REJECTED,ENDPOINT_IK_FAILED
44,0.099102151525582,0.12744071257555634,ACCEPTED,
45,-0.2943282729225622,0.29745568062952593,REJECTED,ENDPOINT_IK_FAILED
46,-0.22095964248900263,-0.29306802291729367,REJECTED,ENDPOINT_IK_FAILED
47,0.06196289819945722,-0.0553552779492828,REJECTED,ENDPOINT_IK_FAILED
48,-0.1273792920185241,-0.05023609717347677,ACCEPTED,
49,-0.23094987510115955,-0.2124423672871437,REJECTED,ENDPOINT_IK_FAILED
50,0.2143559456154061,-0.15301077176316225,REJECTED,ENDPOINT_IK_FAILED
51,-0.02567039603192367,-0.18135585408928534,ACCEPTED,
52,-0.25220986861294753,0.20638361927606713,REJECTED,ENDPOINT_IK_FAILED
53,0.026995497791202694,0.28830167321768146,REJECTED,ENDPOINT_IK_FAILED
54,-0.006292662381083947,-0.14733025464374164,ACCEPTED,
55,0.23883338415635152,-0.25980008542744,REJECTED,ENDPOINT_IK_FAILED
56,0.19249151822464022,-0.2457374383918136,REJECTED,ENDPOINT_IK_FAILED
57,-0.2910192093515893,-0.29765652821446925,REJECTED,ENDPOINT_IK_FAILED
58,0.23799980263854542,0.08155017802149661,REJECTED,ENDPOINT_IK_FAILED
59,0.09631642882435898,0.2809112058119925,REJECTED,ENDPOINT_IK_FAILED
60,0.015758385111911022,0.24694742115129914,REJECTED,ENDPOINT_IK_FAILED
61,-0.08902446719841775,0.07114664157033024,REJECTED,ENDPOINT_IK_FAILED
62,0.07393789689642472,-0.21679017309091875,REJECTED,ENDPOINT_IK_FAILED
63,-0.26697031483963574,-0.08970966932004223,REJECTED,ENDPOINT_IK_FAILED
64,0.2363318698036218,0.01547422595690856,REJECTED,ENDPOINT_IK_FAILED
65,0.04877491591748018,0.16686528040508025,ACCEPTED,
66,-0.22972591178032548,0.2725975695065122,REJECTED,ENDPOINT_IK_FAILED
67,0.014238693254339574,0.055832320419229586,REJECTED,ENDPOINT_IK_FAILED
68,0.13133856605363142,0.24646628309762336,REJECTED,ENDPOINT_IK_FAILED
69,-0.09690396506565885,-0.11669434516521004,ACCEPTED,
70,0.29794559372005375,-0.26681091989710126,REJECTED,ENDPOINT_IK_FAILED
71,-0.23869777566698483,-0.1243139675800542,REJECTED,ENDPOINT_IK_FAILED
72,0.044261315973627924,-0.2179978491596276,REJECTED,ENDPOINT_IK_FAILED
73,0.2736120768317191,0.1877007380698678,REJECTED,ENDPOINT_IK_FAILED
74,0.2901001560427536,0.19655540699591972,REJECTED,ENDPOINT_IK_FAILED
75,-0.26998801394824556,-0.12048261107147934,REJECTED,ENDPOINT_IK_FAILED
76,-0.23729347244134377,-0.21397831900369751,REJECTED,ENDPOINT_IK_FAILED
77,0.1877604613251927,0.18839911267922682,REJECTED,ENDPOINT_IK_FAILED
78,0.09635072094076907,-0.1285507338642137,ACCEPTED,
79,0.07437515017988344,0.22686449704276573,REJECTED,ENDPOINT_IK_FAILED
80,-0.10526921056017388,-0.16290389678973832,ACCEPTED,
81,-0.0835267873798349,0.012365263799499648,REJECTED,ENDPOINT_IK_FAILED
82,0.09487481885383503,-0.20494142016518385,REJECTED,ENDPOINT_IK_FAILED
83,0.10242818851012137,0.28774505190983274,REJECTED,ENDPOINT_IK_FAILED
84,-0.21046090066444076,-0.15584363580971963,REJECTED,ENDPOINT_IK_FAILED
85,-0.25353815507209454,-0.10059972223205385,REJECTED,ENDPOINT_IK_FAILED
86,0.15345874460918957,-0.1616819715583365,REJECTED,ENDPOINT_IK_FAILED
87,0.2076722178873855,-0.023474500971425838,ACCEPTED,
88,-0.25725486123246716,0.2314359151905862,REJECTED,ENDPOINT_IK_FAILED
89,-0.07695051322811178,0.20538721018943668,REJECTED,ENDPOINT_IK_FAILED
90,0.21853379648897236,0.1865270169220941,REJECTED,ENDPOINT_IK_FAILED
91,-0.1927826626819743,-0.11177907342108667,REJECTED,ENDPOINT_IK_FAILED
92,-0.21974778824217775,-0.0110147982748372,REJECTED,ENDPOINT_IK_FAILED
93,-0.2597339361239691,0.2030065931380271,REJECTED,ENDPOINT_IK_FAILED
94,-0.27160423690914764,-0.02447072205074491,REJECTED,ENDPOINT_IK_FAILED
95,-0.10959856798413789,0.11802108855522353,ACCEPTED,
96,0.23407030090842645,0.026463094653014885,REJECTED,ENDPOINT_IK_FAILED
97,-0.17712038557856274,0.07003593022331889,ACCEPTED,
98,0.20362742107234827,0.11269634144135715,REJECTED,ENDPOINT_IK_FAILED
99,0.16001638986740802,-0.26398933852732365,REJECTED,ENDPOINT_IK_FAILED
100,0.10682233611434633,-0.2120594902663741,REJECTED,ENDPOINT_IK_FAILED
101,-0.2067017878516046,-0.20515051231489234,REJECTED,ENDPOINT_IK_FAILED
102,-0.02895363721313826,0.11804377643162756,ACCEPTED,
103,-0.09924615605813891,-0.19284744762225087,ACCEPTED,
104,0.13150920515226355,-0.09458149354924678,ACCEPTED,
105,0.1623806708530688,0.0929384280671608,ACCEPTED,
106,0.21361300854562354,-0.0031337587476039097,ACCEPTED,
107,0.09789603218578308,0.03742316967989989,REJECTED,ENDPOINT_IK_FAILED
108,-0.08094497397320838,0.2999136445740405,REJECTED,ENDPOINT_IK_FAILED
109,-0.2336212867100072,0.2461097435770237,REJECTED,ENDPOINT_IK_FAILED
110,-0.10586552719039777,-0.22557372894198557,REJECTED,ENDPOINT_IK_FAILED
111,0.1482253203534606,-0.1081344975612056,ACCEPTED,
112,0.26674155783947123,-0.061609905423965744,REJECTED,ENDPOINT_IK_FAILED
113,-0.06771138189981599,-0.27665375759119076,REJECTED,ENDPOINT_IK_FAILED
114,0.15479953273109037,-0.1265070168880727,ACCEPTED,
115,0.09941782148988582,0.14074544131636785,ACCEPTED,
116,0.1441093634857336,0.26000300313082786,REJECTED,ENDPOINT_IK_FAILED
117,0.11242695870638891,0.23073459298870697,REJECTED,ENDPOINT_IK_FAILED
118,0.03215062356676479,-0.05658461580934376,REJECTED,ENDPOINT_IK_FAILED
119,0.1555217823405159,-0.14212695802189884,ACCEPTED,
120,0.008716131880655564,-0.2965760244108161,REJECTED,ENDPOINT_IK_FAILED
121,0.26379661791442505,-0.06048697909531153,REJECTED,ENDPOINT_IK_FAILED
122,-0.02531740540074201,0.13880826035537863,ACCEPTED,
123,-0.05726879926499945,-0.19495018173614703,ACCEPTED,
124,0.12419452757180777,-0.04902502509247059,ACCEPTED,
125,0.2038844627873549,0.01692549270618482,ACCEPTED,
126,-0.04189282371122749,-0.24824890808277034,REJECTED,ENDPOINT_IK_FAILED
127,-0.06412855287918295,0.09607113065886275,REJECTED,ENDPOINT_IK_FAILED
128,-0.16709815610064052,-0.1257085601017986,ACCEPTED,
129,0.16984069493748544,-0.1553271024260884,REJECTED,ENDPOINT_IK_FAILED
130,-0.19648489387298418,0.28128600523696373,REJECTED,ENDPOINT_IK_FAILED
131,0.16372870803521017,-0.050546966894904344,ACCEPTED,
132,0.28638608478006017,0.07766055197440225,REJECTED,ENDPOINT_IK_FAILED
133,0.0656252027091111,0.09204428214844063,REJECTED,ENDPOINT_IK_FAILED
134,-0.2366503313412483,0.04423704681785012,REJECTED,ENDPOINT_IK_FAILED
135,0.26661713427664674,0.23880805689329515,REJECTED,ENDPOINT_IK_FAILED
136,0.2918131969763205,-0.06966086973791602,REJECTED,ENDPOINT_IK_FAILED
137,-0.06511102120781853,-0.1997180235833344,ACCEPTED,
138,-0.21945381069286518,0.24809288529249168,REJECTED,ENDPOINT_IK_FAILED
139,-0.25891738943041415,-0.1247774725920853,REJECTED,ENDPOINT_IK_FAILED
140,0.01441727167846757,-0.16591451209649435,ACCEPTED,
141,0.031038665177051394,0.2078241701918881,ACCEPTED,
142,-0.2500085714016976,-0.15888834597125004,REJECTED,ENDPOINT_IK_FAILED
143,0.2889397562020198,0.26045190127829393,REJECTED,ENDPOINT_IK_FAILED
144,-0.1570754773902009,0.0715600664080403,ACCEPTED,
145,0.04225337000028223,-0.03650220021836442,REJECTED,ENDPOINT_IK_FAILED
146,-0.1755374899187001,-0.20869051127054222,REJECTED,ENDPOINT_IK_FAILED
147,-0.2131127309037617,-0.1527295481796016,REJECTED,ENDPOINT_IK_FAILED
148,-0.26755369908296056,0.13039310992791314,REJECTED,ENDPOINT_IK_FAILED
149,0.03805136472615811,-0.22048564535615023,REJECTED,ENDPOINT_IK_FAILED
150,0.11841205765253648,-0.06462853590315884,ACCEPTED,
151,-0.06009349172457365,0.1694609193888048,ACCEPTED,
152,-0.16170160029603545,-0.24168232977848042,REJECTED,ENDPOINT_IK_FAILED
153,0.15368652049046,-0.028726527787230005,ACCEPTED,
154,0.17663989875145153,-0.19004738450489755,REJECTED,ENDPOINT_IK_FAILED
155,-0.2637859069419988,0.13020878979239303,REJECTED,ENDPOINT_IK_FAILED
156,-0.18889818214742024,0.08427523449286645,ACCEPTED,
157,0.18894609476229046,-0.27798533186150515,REJECTED,ENDPOINT_IK_FAILED
158,-0.14834012134033422,-0.23339888291777916,REJECTED,ENDPOINT_IK_FAILED
159,-0.2909300003823956,-0.15966708927841358,REJECTED,ENDPOINT_IK_FAILED
160,-0.18348942135358193,-0.23871242560782874,REJECTED,ENDPOINT_IK_FAILED
161,0.18624707886887842,0.22128876373808898,REJECTED,ENDPOINT_IK_FAILED
162,0.20400174812022992,-0.09268102623891308,REJECTED,ENDPOINT_IK_FAILED
163,0.1467274479898676,-0.1489442908649621,ACCEPTED,
164,-0.20464496158596165,0.2510752549952309,REJECTED,ENDPOINT_IK_FAILED
165,0.17699835527818314,-0.11407678769451593,ACCEPTED,
166,-0.17084536102648976,0.04004618623571754,ACCEPTED,
167,0.2830911604818123,0.19911564625458245,REJECTED,ENDPOINT_IK_FAILED
168,-0.0118788645842276,0.29669029255615514,REJECTED,ENDPOINT_IK_FAILED
169,-0.12365917560150896,0.003142507452401244,ACCEPTED,
170,-0.059486117744757955,0.06778076894711704,REJECTED,ENDPOINT_IK_FAILED
171,0.024424146122510648,0.025872411938817896,REJECTED,ENDPOINT_IK_FAILED
172,0.11902979683475823,-0.04870827456653887,ACCEPTED,
173,-0.10228026750070404,-0.02144310283130646,REJECTED,ENDPOINT_IK_FAILED
174,-0.05836472830607936,0.1942532799407093,ACCEPTED,
175,0.16888429846294017,0.026415348764915803,ACCEPTED,
176,-0.020616393318802773,-0.198440307741101,ACCEPTED,
177,-0.2055802019216219,0.22726197118413966,REJECTED,ENDPOINT_IK_FAILED
178,0.29500462387834364,-0.07534473937246791,REJECTED,ENDPOINT_IK_FAILED
179,-0.18492708521103335,-0.12422332991003754,REJECTED,ENDPOINT_IK_FAILED
180,0.22416685616892779,0.0450307558897175,REJECTED,ENDPOINT_IK_FAILED
181,-0.21362145171862434,0.14613305391424936,REJECTED,ENDPOINT_IK_FAILED
182,-0.07931220926698535,-0.19352516157571975,ACCEPTED,
183,-0.2758045370228121,-0.051520713333100654,REJECTED,ENDPOINT_IK_FAILED
184,-0.10720076005309465,-0.09711461859773077,ACCEPTED,
185,0.2534832724260809,0.2791135488942123,REJECTED,ENDPOINT_IK_FAILED
186,-0.13805626775864507,0.0463908206118947,ACCEPTED,
187,0.08195950906969923,-0.2987570434776206,REJECTED,ENDPOINT_IK_FAILED
188,0.11452488828907736,0.10614819331500064,ACCEPTED,
189,-0.1363264195984426,-0.1986327317556167,REJECTED,ENDPOINT_IK_FAILED
190,-0.22883008043869935,-0.07980808532575845,REJECTED,ENDPOINT_IK_FAILED
191,0.18191648669973914,-0.18210585723865455,REJECTED,ENDPOINT_IK_FAILED
192,0.06461741954050282,-0.07982691823645657,REJECTED,ENDPOINT_IK_FAILED
193,-0.0009199862027050587,-0.023080244495762514,REJECTED,ENDPOINT_IK_FAILED
194,-0.15536620776604382,0.07899652483553882,ACCEPTED,
195,0.24604802744557425,-0.10312045328839811,REJECTED,ENDPOINT_IK_FAILED
196,0.06490749728608847,-0.07001378409019327,REJECTED,ENDPOINT_IK_FAILED
197,-0.2817546786326216,-0.27028402164828874,REJECTED,ENDPOINT_IK_FAILED
198,-0.28395961064050756,0.2957247006725026,REJECTED,ENDPOINT_IK_FAILED
199,0.017873391023303653,-0.2566801779583748,REJECTED,ENDPOINT_IK_FAILED
200,-0.030475242066909936,-0.13112116524417497,ACCEPTED,
201,0.030260204775400035,-0.11166249333669767,REJECTED,ENDPOINT_IK_FAILED
202,0.21556542973590004,-0.19841437386995847,REJECTED,ENDPOINT_IK_FAILED
203,-0.06688068221776111,-0.2583370470053325,REJECTED,ENDPOINT_IK_FAILED
204,-0.10914980637253743,-0.2056424765594655,REJECTED,ENDPOINT_IK_FAILED
205,0.2489000349820643,-0.12536876896213953,REJECTED,ENDPOINT_IK_FAILED
206,0.03589384562653397,-0.2619655558226816,REJECTED,ENDPOINT_IK_FAILED
207,-0.17949117301513912,0.007055693178353417,ACCEPTED,
208,-0.15707901769795876,-0.18097817961465465,REJECTED,ENDPOINT_IK_FAILED
209,0.08674558932032989,0.016588684860817993,REJECTED,ENDPOINT_IK_FAILED
210,0.23584594622167482,0.10684516283417705,REJECTED,ENDPOINT_IK_FAILED
211,0.10411627263237255,-0.20809932658460448,REJECTED,ENDPOINT_IK_FAILED
212,-0.20202188576322805,0.1859025425796204,REJECTED,ENDPOINT_IK_FAILED
213,0.12600745549414555,-0.18948770495446582,REJECTED,ENDPOINT_IK_FAILED
214,0.055591866691800884,-0.2307113247145393,REJECTED,ENDPOINT_IK_FAILED
215,0.020152436760028425,-0.17511715434258232,ACCEPTED,
216,-0.21873330663771792,0.11408680091751155,REJECTED,ENDPOINT_IK_FAILED
217,-0.02839780608545195,-0.07371810231718051,REJECTED,ENDPOINT_IK_FAILED
218,-0.01036879300250515,0.26388944335200376,REJECTED,ENDPOINT_IK_FAILED
219,-0.29484694212033113,-0.03705800945703752,REJECTED,ENDPOINT_IK_FAILED
220,-0.22424984752569982,0.08717116464245167,REJECTED,ENDPOINT_IK_FAILED
221,0.28168666141683546,0.2118651054039385,REJECTED,ENDPOINT_IK_FAILED
222,-0.04695412275431554,0.0044331398225380125,REJECTED,ENDPOINT_IK_FAILED
223,-0.09269605679558313,-0.20268193233797369,REJECTED,ENDPOINT_IK_FAILED
224,-0.18111796563491644,0.13972807259289355,REJECTED,ENDPOINT_IK_FAILED
225,0.24750537284958968,-0.09827011175806183,REJECTED,ENDPOINT_IK_FAILED
226,-0.07690042319640816,0.01569047119245215,REJECTED,ENDPOINT_IK_FAILED
227,0.1868673382165002,-0.1810213181191474,REJECTED,ENDPOINT_IK_FAILED
228,-0.15067792356382578,0.1890420410053822,REJECTED,ENDPOINT_IK_FAILED
229,-0.0014388769480639385,-0.23757023868261587,REJECTED,ENDPOINT_IK_FAILED
230,-0.020409252532787248,0.12018535927317286,ACCEPTED,
231,0.20884346075377908,-0.21799224742528678,REJECTED,ENDPOINT_IK_FAILED
232,-0.08629724116698284,-0.12526256849731535,ACCEPTED,
233,-0.27044122365821904,0.08827557369273481,REJECTED,ENDPOINT_IK_FAILED
234,0.07903757027619834,-0.2713418960935585,REJECTED,ENDPOINT_IK_FAILED
235,0.17456468586873491,-0.09170001156795002,ACCEPTED,
236,0.020038244188817056,-0.016715229409954846,REJECTED,ENDPOINT_IK_FAILED
237,-0.09372228752915923,-0.04066885876432602,REJECTED,ENDPOINT_IK_FAILED
238,-0.26212510564540437,-0.27632244147446855,REJECTED,ENDPOINT_IK_FAILED
239,-0.0903367107278519,0.264866163630665,REJECTED,ENDPOINT_IK_FAILED
240,-0.23942779267819658,-0.012953590684347371,REJECTED,ENDPOINT_IK_FAILED
241,-0.19114415262121429,-0.2489865347263438,REJECTED,ENDPOINT_IK_FAILED
242,0.1423161044621224,0.03223417014720753,ACCEPTED,
243,0.19554000592855336,-0.25385587819715116,REJECTED,ENDPOINT_IK_FAILED
244,-0.05098975543715972,0.10041597592558371,REJECTED,ENDPOINT_IK_FAILED
245,-0.151836228494777,-0.059461875324901076,ACCEPTED,
246,-0.19599569087767688,0.18405499295636574,REJECTED,ENDPOINT_IK_FAILED
247,-0.2724163962991927,0.14646696618724436,REJECTED,ENDPOINT_IK_FAILED
248,0.06265644653574387,0.12388498652468466,ACCEPTED,
249,-0.2665649770279961,-0.11805427207964175,REJECTED,ENDPOINT_IK_FAILED
250,-0.2821460000118137,0.2828703423294288,REJECTED,ENDPOINT_IK_FAILED
251,-0.211101395058378,-0.0872606586581787,REJECTED,ENDPOINT_IK_FAILED
252,0.01624490329896605,-0.12627398354659833,ACCEPTED,
253,-0.27029596033376035,0.12173269957367511,REJECTED,ENDPOINT_IK_FAILED
254,0.03188431521868701,-0.16694729945347792,ACCEPTED,
255,0.11320414199537382,0.10167787434375675,ACCEPTED,
256,-0.26396037710371173,-0.26844840271406717,REJECTED,ENDPOINT_IK_FAILED
257,0.01333138248558996,0.160282982648561,ACCEPTED,
258,-0.1537125604649302,0.17325754085296113,REJECTED,ENDPOINT_IK_FAILED
259,-0.10634667414196497,-0.058475930653739655,ACCEPTED,
260,0.2888665180953472,-0.1269727443342988,REJECTED,ENDPOINT_IK_FAILED
261,-0.08250356026717523,0.27953096968059293,REJECTED,ENDPOINT_IK_FAILED
262,-0.15335996821363068,-0.06868709347482455,ACCEPTED,
263,-0.02227454227396586,-0.14675558992945362,ACCEPTED,
264,0.1599685771537237,0.06405482413794444,ACCEPTED,
265,0.010238183831135561,0.024736553517389015,REJECTED,ENDPOINT_IK_FAILED
266,-0.19224281841199364,0.17552870659523168,REJECTED,ENDPOINT_IK_FAILED
267,0.07536135785634474,0.04987829033552682,REJECTED,ENDPOINT_IK_FAILED
268,0.13957763589468775,-0.1382726404182721,ACCEPTED,
269,0.017494772474889342,-0.18899221540595712,ACCEPTED,
270,-0.11419731008249881,0.009207648409768399,REJECTED,ENDPOINT_IK_FAILED
271,0.21606045823669734,-0.27412491064164657,REJECTED,ENDPOINT_IK_FAILED
272,0.29784043322339965,0.132476577057708,REJECTED,ENDPOINT_IK_FAILED
273,0.00897997557771879,0.2035890997182072,ACCEPTED,
274,-0.22078160403172825,0.23445352938656766,REJECTED,ENDPOINT_IK_FAILED
275,-0.20596400570173962,0.2729292274810922,REJECTED,ENDPOINT_IK_FAILED
276,0.19830179160910621,0.12231437243307353,REJECTED,ENDPOINT_IK_FAILED
277,-0.1289039387185806,-0.20186226068518448,REJECTED,ENDPOINT_IK_FAILED
278,0.05813700461973126,-0.032267429075823695,REJECTED,ENDPOINT_IK_FAILED
279,0.08065683113362193,-0.1872546027414807,ACCEPTED,
280,0.04571453582264162,-0.16020999389543542,ACCEPTED,
281,0.04771339474426117,-0.1811532541784941,ACCEPTED,
282,-0.08009559907064961,0.23836293607652997,REJECTED,ENDPOINT_IK_FAILED
283,0.04519581963853475,0.22039627521836774,REJECTED,ENDPOINT_IK_FAILED
284,0.019905332960511612,-0.030745034137340477,REJECTED,ENDPOINT_IK_FAILED
285,0.06341260207356275,-0.18220771166849903,ACCEPTED,
286,-0.2388666534715114,0.18360701570045496,REJECTED,ENDPOINT_IK_FAILED
287,0.14800908011232905,0.1778225561660034,REJECTED,ENDPOINT_IK_FAILED
288,-0.10841225908516186,-0.1983218853676324,REJECTED,ENDPOINT_IK_FAILED
289,-0.1646073282755583,0.15801051821882311,REJECTED,ENDPOINT_IK_FAILED
290,0.23185185141787074,0.19151073275660818,REJECTED,ENDPOINT_IK_FAILED
291,-0.28119496643636477,0.1998820416769308,REJECTED,ENDPOINT_IK_FAILED
292,-0.26707223668864327,-0.12479640212774404,REJECTED,ENDPOINT_IK_FAILED
293,-0.10151950383961283,-0.09018436747152084,ACCEPTED,
294,-0.23441959649757893,0.20416472996636043,REJECTED,ENDPOINT_IK_FAILED
295,-0.021314608346340858,-0.1783803404889059,ACCEPTED,
296,0.2748910288640504,-0.16481999019904425,REJECTED,ENDPOINT_IK_FAILED
297,0.2113558499494333,-0.04875153741066729,ACCEPTED,
298,-0.004767311439809574,0.036240486720780285,REJECTED,ENDPOINT_IK_FAILED
299,0.10083475869267639,-0.23426224715057772,REJECTED,ENDPOINT_IK_FAILED
300,-0.07139521860895856,0.20336912716214678,ACCEPTED,
301,0.0406253067699579,-0.10343356171116386,REJECTED,ENDPOINT_IK_FAILED
302,0.1196840581749894,0.2005242002422019,REJECTED,ENDPOINT_IK_FAILED
303,-0.025221318023700867,0.29553249885940464,REJECTED,ENDPOINT_IK_FAILED
304,0.11086699003174355,-0.17453935835939863,ACCEPTED,
305,-0.08031730079209581,-0.24003394132734543,REJECTED,ENDPOINT_IK_FAILED
306,0.0936005717190877,0.2757156461244638,REJECTED,ENDPOINT_IK_FAILED
307,-0.1301123221018532,-0.15471959478679082,ACCEPTED,
308,-0.2293920451361584,-0.21916093214472904,REJECTED,ENDPOINT_IK_FAILED
309,-0.008364353135468239,-0.19842557632913477,ACCEPTED,
310,0.09658296206778433,0.12116303326791145,ACCEPTED,
311,-0.27453887921448744,-0.16384197757764876,REJECTED,ENDPOINT_IK_FAILED
312,-0.14380712327981782,-0.0346533065364551,ACCEPTED,
313,0.04369967501263611,-0.04563662631595922,REJECTED,ENDPOINT_IK_FAILED
314,0.02984091061800176,0.07135435119293088,REJECTED,ENDPOINT_IK_FAILED
315,0.10098759566550597,-0.04440432267394917,REJECTED,ENDPOINT_IK_FAILED
316,0.2829296780612948,0.05259440622953615,REJECTED,ENDPOINT_IK_FAILED
317,-0.031505755917427325,-0.26280996527071804,REJECTED,ENDPOINT_IK_FAILED
318,0.15573059790000132,-0.09249399865422539,ACCEPTED,
319,-0.06164179012632745,-0.12061670675005329,ACCEPTED,
320,0.20657588267839272,0.21055697230579923,REJECTED,ENDPOINT_IK_FAILED
321,0.0004886523811686305,-0.07697142832686357,REJECTED,ENDPOINT_IK_FAILED
322,-0.115049274052099,-0.07169305645994897,ACCEPTED,
323,0.09530656957012384,0.05720908643234801,REJECTED,ENDPOINT_IK_FAILED
324,-0.291917604141146,0.07466663357728276,REJECTED,ENDPOINT_IK_FAILED
325,0.24705834851030012,0.28389158657016705,REJECTED,ENDPOINT_IK_FAILED
326,-0.21933448176525994,-0.26970253275263,REJECTED,ENDPOINT_IK_FAILED
327,-0.019786500515078187,0.10655746479823225,REJECTED,ENDPOINT_IK_FAILED
328,0.20658707528052517,0.009504542107056535,ACCEPTED,
329,-0.04403795157811752,0.20941394696646448,ACCEPTED,
330,0.130266022411192,0.2998291282224737,REJECTED,ENDPOINT_IK_FAILED
331,-0.047718197713682575,-0.28567318076199016,REJECTED,ENDPOINT_IK_FAILED
332,0.1704024919929592,0.2822784733131232,REJECTED,ENDPOINT_IK_FAILED
333,0.13498703715930538,0.07395258374512381,ACCEPTED,
334,0.11818570293144959,-0.15879666805435164,ACCEPTED,
