target_id,x_m,y_m,status,reason_codes,run_dir
qualification-002-t000,-0.10531330117729037,0.12810003564223132,SUCCESS,,results/qualification-002/qualification-002-t000
qualification-002-t001,-0.008434428022909946,-0.1886798791668513,SUCCESS,,results/qualification-002/qualification-002-t001
qualification-002-t002,-0.08820289327410016,0.12320486996546959,SUCCESS,,results/qualification-002/qualification-002-t002
qualification-002-t003,-0.21045202716453282,-0.005565057323771105,SUCCESS,,results/qualification-002/qualification-002-t003
qualification-002-t004,-0.09885472023462807,-0.13532677696133885,SUCCESS,,results/qualification-002/qualification-002-t004
qualification-002-t005,0.06950830381485634,0.11377812454014757,SUCCESS,,results/qualification-002/qualification-002-t005
qualification-002-t006,0.07485648327140576,-0.11164994704116829,SUCCESS,,results/qualification-002/qualification-002-t006
qualification-002-t007,-0.11323353492877028,0.132273765016296,SUCCESS,,results/qualification-002/qualification-002-t007
qualification-002-t008,0.08002284659058956,-0.18269088335952843,SUCCESS,,results/qualification-002/qualification-002-t008
qualification-002-t009,-0.01340386002275007,-0.17817358240191014,SUCCESS,,results/qualification-002/qualification-002-t009
qualification-002-t010,0.00913919292510107,-0.14501590538545864,SUCCESS,,results/qualification-002/qualification-002-t010
qualification-002-t011,-0.17901936919416256,0.10570623242189225,SUCCESS,,results/qualification-002/qualification-002-t011
qualification-002-t012,0.038424904249446556,0.17446530703740565,SUCCESS,,results/qualification-002/qualification-002-t012
qualification-002-t013,0.099102151525582,0.12744071257555634,SUCCESS,,results/qualification-002/qualification-002-t013
qualification-002-t014,-0.1273792920185241,-0.05023609717347677,SUCCESS,,results/qualification-002/qualification-002-t014
qualification-002-t015,-0.02567039603192367,-0.18135585408928534,SUCCESS,,results/qualification-002/qualification-002-t015
qualification-002-t016,-0.006292662381083947,-0.14733025464374164,SUCCESS,,results/qualification-002/qualification-002-t016
qualification-002-t017,0.04877491591748018,0.16686528040508025,SUCCESS,,results/qualification-002/qualification-002-t017
qualification-002-t018,-0.09690396506565885,-0.11669434516521004,SUCCESS,,results/qualification-002/qualification-002-t018
qualification-002-t019,0.09635072094076907,-0.1285507338642137,SUCCESS,,results/qualification-002/qualification-002-t019
qualification-002-t020,-0.10526921056017388,-0.16290389678973832,SUCCESS,,results/qualification-002/qualification-002-t020
qualification-002-t021,0.2076722178873855,-0.023474500971425838,SUCCESS,,results/qualification-002/qualification-002-t021
qualification-002-t022,-0.10959856798413789,0.11802108855522353,SUCCESS,,results/qualification-002/qualification-002-t022
qualification-002-t023,-0.17712038557856274,0.07003593022331889,SUCCESS,,results/qualification-002/qualification-002-t023
qualification-002-t024,-0.02895363721313826,0.11804377643162756,SUCCESS,,results/qualification-002/qualification-002-t024
qualification-002-t025,-0.09924615605813891,-0.19284744762225087,SUCCESS,,results/qualification-002/qualification-002-t025
qualification-002-t026,0.13150920515226355,-0.09458149354924678,SUCCESS,,results/qualification-002/qualification-002-t026
qualification-002-t027,0.1623806708530688,0.0929384280671608,SUCCESS,,results/qualification-002/qualification-002-t027
qualification-002-t028,0.21361300854562354,-0.0031337587476039097,SUCCESS,,results/qualification-002/qualification-002-t028
qualification-002-t029,0.1482253203534606,-0.1081344975612056,SUCCESS,,results/qualification-002/qualification-002-t029
qualification-002-t030,0.15479953273109037,-0.1265070168880727,SUCCESS,,results/qualification-002/qualification-002-t030
qualification-002-t031,0.09941782148988582,0.14074544131636785,SUCCESS,,results/qualification-002/qualification-002-t031
qualification-002-t032,0.1555217823405159,-0.14212695802189884,SUCCESS,,results/qualification-002/qualification-002-t032
qualification-002-t033,-0.02531740540074201,0.13880826035537863,SUCCESS,,results/qualification-002/qualification-002-t033
qualification-002-t034,-0.05726879926499945,-0.19495018173614703,SUCCESS,,results/qualification-002/qualification-002-t034
qualification-002-t035,0.12419452757180777,-0.04902502509247059,SUCCESS,,results/qualification-002/qualification-002-t035
qualification-002-t036,0.2038844627873549,0.01692549270618482,SUCCESS,,results/qualification-002/qualification-002-t036
qualification-002-t037,-0.16709815610064052,-0.1257085601017986,SUCCESS,,results/qualification-002/qualification-002-t037
qualification-002-t038,0.16372870803521017,-0.050546966894904344,SUCCESS,,results/qualification-002/qualification-002-t038
qualification-002-t039,-0.06511102120781853,-0.1997180235833344,SUCCESS,,results/qualification-002/qualification-002-t039
qualification-002-t040,0.01441727167846757,-0.16591451209649435,SUCCESS,,results/qualification-002/qualification-002-t040
qualification-002-t041,0.031038665177051394,0.2078241701918881,SUCCESS,,results/qualification-002/qualification-002-t041
qualification-002-t042,-0.1570754773902009,0.0715600664080403,SUCCESS,,results/qualification-002/qualification-002-t042
qualification-002-t043,0.11841205765253648,-0.06462853590315884,SUCCESS,,results/qualification-002/qualification-002-t043
qualification-002-t044,-0.06009349172457365,0.1694609193888048,SUCCESS,,results/qualification-002/qualification-002-t044
qualification-002-t045,0.15368652049046,-0.028726527787230005,SUCCESS,,results/qualification-002/qualification-002-t045
qualification-002-t046,-0.18889818214742024,0.08427523449286645,SUCCESS,,results/qualification-002/qualification-002-t046
qualification-002-t047,0.1467274479898676,-0.1489442908649621,SUCCESS,,results/qualification-002/qualification-002-t047
qualification-002-t048,0.17699835527818314,-0.11407678769451593,SUCCESS,,results/qualification-002/qualification-002-t048
qualification-002-t049,-0.17084536102648976,0.04004618623571754,SUCCESS,,results/qualification-002/qualification-002-t049
qualification-002-t050,-0.12365917560150896,0.003142507452401244,SUCCESS,,results/qualification-002/qualification-002-t050
qualification-002-t051,0.11902979683475823,-0.04870827456653887,SUCCESS,,results/qualification-002/qualification-002-t051
qualification-002-t052,-0.05836472830607936,0.1942532799407093,SUCCESS,,results/qualification-002/qualification-002-t052
qualification-002-t053,0.16888429846294017,0.026415348764915803,SUCCESS,,results/qualification-002/qualification-002-t053
qualification-002-t054,-0.020616393318802773,-0.198440307741101,SUCCESS,,results/qualification-002/qualification-002-t054
qualification-002-t055,-0.07931220926698535,-0.19352516157571975,SUCCESS,,results/qualification-002/qualification-002-t055
qualification-002-t056,-0.10720076005309465,-0.09711461859773077,SUCCESS,,results/qualification-002/qualification-002-t056
qualification-002-t057,-0.13805626775864507,0.0463908206118947,SUCCESS,,results/qualification-002/qualification-002-t057
qualification-002-t058,0.11452488828907736,0.10614819331500064,SUCCESS,,results/qualification-002/qualification-002-t058
qualification-002-t059,-0.15536620776604382,0.07899652483553882,SUCCESS,,results/qualification-002/qualification-002-t059
qualification-002-t060,-0.030475242066909936,-0.13112116524417497,SUCCESS,,results/qualification-002/qualification-002-t060
qualification-002-t061,-0.17949117301513912,0.007055693178353417,SUCCESS,,results/qualification-002/qualification-002-t061
qualification-002-t062,0.020152436760028425,-0.17511715434258232,SUCCESS,,results/qualification-002/qualification-002-t062
qualification-002-t063,-0.020409252532787248,0.12018535927317286,SUCCESS,,results/qualification-002/qualification-002-t063
qualification-002-t064,-0.08629724116698284,-0.12526256849731535,SUCCESS,,results/qualification-002/qualification-002-t064
qualification-002-t065,0.17456468586873491,-0.09170001156795002,SUCCESS,,results/qualification-002/qualification-002-t065
qualification-002-t066,0.1423161044621224,0.03223417014720753,SUCCESS,,results/qualification-002/qualification-002-t066
qualification-002-t067,-0.151836228494777,-0.059461875324901076,SUCCESS,,results/qualification-002/qualification-002-t067
qualification-002-t068,0.06265644653574387,0.12388498652468466,SUCCESS,,results/qualification-002/qualification-002-t068
qualification-002-t069,0.01624490329896605,-0.12627398354659833,SUCCESS,,results/qualification-002/qualification-002-t069
qualification-002-t070,0.03188431521868701,-0.16694729945347792,SUCCESS,,results/qualification-002/qualification-002-t070
qualification-002-t071,0.11320414199537382,0.10167787434375675,SUCCESS,,results/qualification-002/qualification-002-t071
qualification-002-t072,0.01333138248558996,0.160282982648561,SUCCESS,,results/qualification-002/qualification-002-t072
qualification-002-t073,-0.10634667414196497,-0.058475930653739655,SUCCESS,,results/qualification-002/qualification-002-t073
qualification-002-t074,-0.15335996821363068,-0.06868709347482455,SUCCESS,,results/qualification-002/qualification-002-t074
qualification-002-t075,-0.02227454227396586,-0.14675558992945362,SUCCESS,,results/qualification-002/qualification-002-t075
qualification-002-t076,0.1599685771537237,0.06405482413794444,SUCCESS,,results/qualification-002/qualification-002-t076
qualification-002-t077,0.13957763589468775,-0.1382726404182721,SUCCESS,,results/qualification-002/qualification-002-t077
qualification-002-t078,0.017494772474889342,-0.18899221540595712,SUCCESS,,results/qualification-002/qualification-002-t078
qualification-002-t079,0.00897997557771879,0.2035890997182072,SUCCESS,,results/qualification-002/qualification-002-t079
qualification-002-t080,0.08065683113362193,-0.1872546027414807,SUCCESS,,results/qualification-002/qualification-002-t080
qualification-002-t081,0.04571453582264162,-0.16020999389543542,SUCCESS,,results/qualification-002/qualification-002-t081
qualification-002-t082,0.04771339474426117,-0.1811532541784941,SUCCESS,,results/qualification-002/qualification-002-t082
qualification-002-t083,0.06341260207356275,-0.18220771166849903,SUCCESS,,results/qualification-002/qualification-002-t083
qualification-002-t084,-0.10151950383961283,-0.09018436747152084,SUCCESS,,results/qualification-002/qualification-002-t084
qualification-002-t085,-0.021314608346340858,-0.1783803404889059,SUCCESS,,results/qualification-002/qualification-002-t085
qualification-002-t086,0.2113558499494333,-0.04875153741066729,SUCCESS,,results/qualification-002/qualification-002-t086
qualification-002-t087,-0.07139521860895856,0.20336912716214678,SUCCESS,,results/qualification-002/qualification-002-t087
qualification-002-t088,0.11086699003174355,-0.17453935835939863,SUCCESS,,results/qualification-002/qualification-002-t088
qualification-002-t089,-0.1301123221018532,-0.15471959478679082,SUCCESS,,results/qualification-002/qualification-002-t089
qualification-002-t090,-0.008364353135468239,-0.19842557632913477,SUCCESS,,results/qualification-002/qualification-002-t090
qualification-002-t091,0.09658296206778433,0.12116303326791145,SUCCESS,,results/qualification-002/qualification-002-t091
qualification-002-t092,-0.14380712327981782,-0.0346533065364551,SUCCESS,,results/qualification-002/qualification-002-t092
qualification-002-t093,0.15573059790000132,-0.09249399865422539,SUCCESS,,results/qualification-002/qualification-002-t093
qualification-002-t094,-0.06164179012632745,-0.12061670675005329,SUCCESS,,results/qualification-002/qualification-002-t094
qualification-002-t095,-0.115049274052099,-0.07169305645994897,SUCCESS,,results/qualification-002/qualification-002-t095
qualification-002-t096,0.20658707528052517,0.009504542107056535,SUCCESS,,results/qualification-002/qualification-002-t096
qualification-002-t097,-0.04403795157811752,0.20941394696646448,SUCCESS,,results/qualification-002/qualification-002-t097
qualification-002-t098,0.13498703715930538,0.07395258374512381,SUCCESS,,results/qualification-002/qualification-002-t098
qualification-002-t099,0.11818570293144959,-0.15879666805435164,SUCCESS,,results/qualification-002/qualification-002-t099
