family,q1_deg,q2_deg,q3_deg,q4_deg,q5_deg,q6_deg,passed,interfering_pairs
home,0.0,0.0,0.0,0.0,0.0,0.0,True,
axis_J1,-180.0,0.0,0.0,0.0,0.0,0.0,True,
axis_J1,-175.0,0.0,0.0,0.0,0.0,0.0,True,
axis_J1,-170.0,0.0,0.0,0.0,0.0,0.0,True,
axis_J1,-165.0,0.0,0.0,0.0,0.0,0.0,True,
axis_J1,-160.0,0.0,0.0,0.0,0.0,0.0,True,
axis_J1,-155.0,0.0,0.0,0.0,0.0,0.0,True,
axis_J1,-150.0,0.0,0.0,0.0,0.0,0.0,True,
axis_J1,-145.0,0.0,0.0,0.0,0.0,0.0,True,
axis_J1,-140.0,0.0,0.0,0.0,0.0,0.0,True,
axis_J1,-135.0,0.0,0.0,0.0,0.0,0.0,True,
axis_J1,-130.0,0.0,0.0,0.0,0.0,0.0,True,
axis_J1,-125.0,0.0,0.0,0.0,0.0,0.0,True,
axis_J1,-120.0,0.0,0.0,0.0,0.0,0.0,True,
axis_J1,-115.0,0.0,0.0,0.0,0.0,0.0,True,
axis_J1,-110.0,0.0,0.0,0.0,0.0,0.0,True,
axis_J1,-105.0,0.0,0.0,0.0,0.0,0.0,True,
axis_J1,-100.0,0.0,0.0,0.0,0.0,0.0,True,
axis_J1,-95.0,0.0,0.0,0.0,0.0,0.0,True,
axis_J1,-90.0,0.0,0.0,0.0,0.0,0.0,True,
axis_J1,-85.0,0.0,0.0,0.0,0.0,0.0,True,
axis_J1,-80.0,0.0,0.0,0.0,0.0,0.0,True,
axis_J1,-75.0,0.0,0.0,0.0,0.0,0.0,True,
axis_J1,-70.0,0.0,0.0,0.0,0.0,0.0,True,
axis_J1,-65.0,0.0,0.0,0.0,0.0,0.0,True,
axis_J1,-60.0,0.0,0.0,0.0,0.0,0.0,True,
axis_J1,-55.0,0.0,0.0,0.0,0.0,0.0,True,
axis_J1,-50.0,0.0,0.0,0.0,0.0,0.0,True,
axis_J1,-45.0,0.0,0.0,0.0,0.0,0.0,True,
axis_J1,-40.0,0.0,0.0,0.0,0.0,0.0,True,
axis_J1,-35.0,0.0,0.0,0.0,0.0,0.0,True,
axis_J1,-30.0,0.0,0.0,0.0,0.0,0.0,True,
axis_J1,-25.0,0.0,0.0,0.0,0.0,0.0,True,
axis_J1,-20.0,0.0,0.0,0.0,0.0,0.0,True,
axis_J1,-15.0,0.0,0.0,0.0,0.0,0.0,True,
axis_J1,-10.0,0.0,0.0,0.0,0.0,0.0,True,
axis_J1,-5.0,0.0,0.0,0.0,0.0,0.0,True,
axis_J1,0.0,0.0,0.0,0.0,0.0,0.0,True,
axis_J1,5.0,0.0,0.0,0.0,0.0,0.0,True,
axis_J1,10.0,0.0,0.0,0.0,0.0,0.0,True,
axis_J1,15.0,0.0,0.0,0.0,0.0,0.0,True,
axis_J1,20.0,0.0,0.0,0.0,0.0,0.0,True,
axis_J1,25.0,0.0,0.0,0.0,0.0,0.0,True,
axis_J1,30.0,0.0,0.0,0.0,0.0,0.0,True,
axis_J1,35.0,0.0,0.0,0.0,0.0,0.0,True,
axis_J1,40.0,0.0,0.0,0.0,0.0,0.0,True,
axis_J1,45.0,0.0,0.0,0.0,0.0,0.0,True,
axis_J1,50.0,0.0,0.0,0.0,0.0,0.0,True,
axis_J1,55.0,0.0,0.0,0.0,0.0,0.0,True,
axis_J1,60.0,0.0,0.0,0.0,0.0,0.0,True,
axis_J1,65.0,0.0,0.0,0.0,0.0,0.0,True,
axis_J1,70.0,0.0,0.0,0.0,0.0,0.0,True,
axis_J1,75.0,0.0,0.0,0.0,0.0,0.0,True,
axis_J1,80.0,0.0,0.0,0.0,0.0,0.0,True,
axis_J1,85.0,0.0,0.0,0.0,0.0,0.0,True,
axis_J1,90.0,0.0,0.0,0.0,0.0,0.0,True,
axis_J1,95.0,0.0,0.0,0.0,0.0,0.0,True,
axis_J1,100.0,0.0,0.0,0.0,0.0,0.0,True,
axis_J1,105.0,0.0,0.0,0.0,0.0,0.0,True,
axis_J1,110.0,0.0,0.0,0.0,0.0,0.0,True,
axis_J1,115.0,0.0,0.0,0.0,0.0,0.0,True,
axis_J1,120.0,0.0,0.0,0.0,0.0,0.0,True,
axis_J1,125.0,0.0,0.0,0.0,0.0,0.0,True,
axis_J1,130.0,0.0,0.0,0.0,0.0,0.0,True,
axis_J1,135.0,0.0,0.0,0.0,0.0,0.0,True,
axis_J1,140.0,0.0,0.0,0.0,0.0,0.0,True,
axis_J1,145.0,0.0,0.0,0.0,0.0,0.0,True,
axis_J1,150.0,0.0,0.0,0.0,0.0,0.0,True,
axis_J1,155.0,0.0,0.0,0.0,0.0,0.0,True,
axis_J1,160.0,0.0,0.0,0.0,0.0,0.0,True,
axis_J1,165.0,0.0,0.0,0.0,0.0,0.0,True,
axis_J1,170.0,0.0,0.0,0.0,0.0,0.0,True,
axis_J1,175.0,0.0,0.0,0.0,0.0,0.0,True,
axis_J1,180.0,0.0,0.0,0.0,0.0,0.0,True,
axis_J2,0.0,-40.0,0.0,0.0,0.0,0.0,True,
axis_J2,0.0,-35.0,0.0,0.0,0.0,0.0,True,
axis_J2,0.0,-30.0,0.0,0.0,0.0,0.0,True,
axis_J2,0.0,-25.0,0.0,0.0,0.0,0.0,True,
axis_J2,0.0,-20.0,0.0,0.0,0.0,0.0,True,
axis_J2,0.0,-15.0,0.0,0.0,0.0,0.0,True,
axis_J2,0.0,-10.0,0.0,0.0,0.0,0.0,True,
axis_J2,0.0,-5.0,0.0,0.0,0.0,0.0,True,
axis_J2,0.0,0.0,0.0,0.0,0.0,0.0,True,
axis_J2,0.0,5.0,0.0,0.0,0.0,0.0,True,
axis_J2,0.0,10.0,0.0,0.0,0.0,0.0,True,
axis_J2,0.0,15.0,0.0,0.0,0.0,0.0,True,
axis_J2,0.0,20.0,0.0,0.0,0.0,0.0,True,
axis_J2,0.0,25.0,0.0,0.0,0.0,0.0,True,
axis_J2,0.0,30.0,0.0,0.0,0.0,0.0,True,
axis_J2,0.0,35.0,0.0,0.0,0.0,0.0,True,
axis_J2,0.0,40.0,0.0,0.0,0.0,0.0,True,
axis_J3,0.0,0.0,-60.0,0.0,0.0,0.0,True,
axis_J3,0.0,0.0,-55.0,0.0,0.0,0.0,True,
axis_J3,0.0,0.0,-50.0,0.0,0.0,0.0,True,
axis_J3,0.0,0.0,-45.0,0.0,0.0,0.0,True,
axis_J3,0.0,0.0,-40.0,0.0,0.0,0.0,True,
axis_J3,0.0,0.0,-35.0,0.0,0.0,0.0,True,
axis_J3,0.0,0.0,-30.0,0.0,0.0,0.0,True,
axis_J3,0.0,0.0,-25.0,0.0,0.0,0.0,True,
axis_J3,0.0,0.0,-20.0,0.0,0.0,0.0,True,
axis_J3,0.0,0.0,-15.0,0.0,0.0,0.0,True,
axis_J3,0.0,0.0,-10.0,0.0,0.0,0.0,True,
axis_J3,0.0,0.0,-5.0,0.0,0.0,0.0,True,
axis_J3,0.0,0.0,0.0,0.0,0.0,0.0,True,
axis_J3,0.0,0.0,5.0,0.0,0.0,0.0,True,
axis_J3,0.0,0.0,10.0,0.0,0.0,0.0,True,
axis_J3,0.0,0.0,15.0,0.0,0.0,0.0,True,
axis_J3,0.0,0.0,20.0,0.0,0.0,0.0,True,
axis_J3,0.0,0.0,25.0,0.0,0.0,0.0,True,
axis_J3,0.0,0.0,30.0,0.0,0.0,0.0,True,
axis_J3,0.0,0.0,35.0,0.0,0.0,0.0,True,
axis_J3,0.0,0.0,40.0,0.0,0.0,0.0,True,
axis_J3,0.0,0.0,45.0,0.0,0.0,0.0,True,
axis_J3,0.0,0.0,50.0,0.0,0.0,0.0,True,
axis_J3,0.0,0.0,55.0,0.0,0.0,0.0,True,
axis_J3,0.0,0.0,60.0,0.0,0.0,0.0,True,
axis_J4,0.0,0.0,0.0,-60.0,0.0,0.0,True,
axis_J4,0.0,0.0,0.0,-55.0,0.0,0.0,True,
axis_J4,0.0,0.0,0.0,-50.0,0.0,0.0,True,
axis_J4,0.0,0.0,0.0,-45.0,0.0,0.0,True,
axis_J4,0.0,0.0,0.0,-40.0,0.0,0.0,True,
axis_J4,0.0,0.0,0.0,-35.0,0.0,0.0,True,
axis_J4,0.0,0.0,0.0,-30.0,0.0,0.0,True,
axis_J4,0.0,0.0,0.0,-25.0,0.0,0.0,True,
axis_J4,0.0,0.0,0.0,-20.0,0.0,0.0,True,
axis_J4,0.0,0.0,0.0,-15.0,0.0,0.0,True,
axis_J4,0.0,0.0,0.0,-10.0,0.0,0.0,True,
axis_J4,0.0,0.0,0.0,-5.0,0.0,0.0,True,
axis_J4,0.0,0.0,0.0,0.0,0.0,0.0,True,
axis_J4,0.0,0.0,0.0,5.0,0.0,0.0,True,
axis_J4,0.0,0.0,0.0,10.0,0.0,0.0,True,
axis_J4,0.0,0.0,0.0,15.0,0.0,0.0,True,
axis_J4,0.0,0.0,0.0,20.0,0.0,0.0,True,
axis_J4,0.0,0.0,0.0,25.0,0.0,0.0,True,
axis_J4,0.0,0.0,0.0,30.0,0.0,0.0,True,
axis_J4,0.0,0.0,0.0,35.0,0.0,0.0,True,
axis_J4,0.0,0.0,0.0,40.0,0.0,0.0,True,
axis_J4,0.0,0.0,0.0,45.0,0.0,0.0,True,
axis_J4,0.0,0.0,0.0,50.0,0.0,0.0,True,
axis_J4,0.0,0.0,0.0,55.0,0.0,0.0,True,
axis_J4,0.0,0.0,0.0,60.0,0.0,0.0,True,
axis_J5,0.0,0.0,0.0,0.0,-90.0,0.0,True,
axis_J5,0.0,0.0,0.0,0.0,-85.0,0.0,True,
axis_J5,0.0,0.0,0.0,0.0,-80.0,0.0,True,
axis_J5,0.0,0.0,0.0,0.0,-75.0,0.0,True,
axis_J5,0.0,0.0,0.0,0.0,-70.0,0.0,True,
axis_J5,0.0,0.0,0.0,0.0,-65.0,0.0,True,
axis_J5,0.0,0.0,0.0,0.0,-60.0,0.0,True,
axis_J5,0.0,0.0,0.0,0.0,-55.0,0.0,True,
axis_J5,0.0,0.0,0.0,0.0,-50.0,0.0,True,
axis_J5,0.0,0.0,0.0,0.0,-45.0,0.0,True,
axis_J5,0.0,0.0,0.0,0.0,-40.0,0.0,True,
axis_J5,0.0,0.0,0.0,0.0,-35.0,0.0,True,
axis_J5,0.0,0.0,0.0,0.0,-30.0,0.0,True,
axis_J5,0.0,0.0,0.0,0.0,-25.0,0.0,True,
axis_J5,0.0,0.0,0.0,0.0,-20.0,0.0,True,
axis_J5,0.0,0.0,0.0,0.0,-15.0,0.0,True,
axis_J5,0.0,0.0,0.0,0.0,-10.0,0.0,True,
axis_J5,0.0,0.0,0.0,0.0,-5.0,0.0,True,
axis_J5,0.0,0.0,0.0,0.0,0.0,0.0,True,
axis_J5,0.0,0.0,0.0,0.0,5.0,0.0,True,
axis_J5,0.0,0.0,0.0,0.0,10.0,0.0,True,
axis_J5,0.0,0.0,0.0,0.0,15.0,0.0,True,
axis_J5,0.0,0.0,0.0,0.0,20.0,0.0,True,
axis_J5,0.0,0.0,0.0,0.0,25.0,0.0,True,
axis_J5,0.0,0.0,0.0,0.0,30.0,0.0,True,
axis_J5,0.0,0.0,0.0,0.0,35.0,0.0,True,
axis_J5,0.0,0.0,0.0,0.0,40.0,0.0,True,
axis_J5,0.0,0.0,0.0,0.0,45.0,0.0,True,
axis_J5,0.0,0.0,0.0,0.0,50.0,0.0,True,
axis_J5,0.0,0.0,0.0,0.0,55.0,0.0,True,
axis_J5,0.0,0.0,0.0,0.0,60.0,0.0,True,
axis_J5,0.0,0.0,0.0,0.0,65.0,0.0,True,
axis_J5,0.0,0.0,0.0,0.0,70.0,0.0,True,
axis_J5,0.0,0.0,0.0,0.0,75.0,0.0,True,
axis_J5,0.0,0.0,0.0,0.0,80.0,0.0,True,
axis_J5,0.0,0.0,0.0,0.0,85.0,0.0,True,
axis_J5,0.0,0.0,0.0,0.0,90.0,0.0,True,
axis_J6,0.0,0.0,0.0,0.0,0.0,0.0,True,
axis_J6,0.0,0.0,0.0,0.0,0.0,5.0,True,
axis_J6,0.0,0.0,0.0,0.0,0.0,10.0,True,
axis_J6,0.0,0.0,0.0,0.0,0.0,15.0,True,
axis_J6,0.0,0.0,0.0,0.0,0.0,20.0,True,
axis_J6,0.0,0.0,0.0,0.0,0.0,25.0,True,
axis_J6,0.0,0.0,0.0,0.0,0.0,30.0,True,
axis_J6,0.0,0.0,0.0,0.0,0.0,35.0,True,
axis_J6,0.0,0.0,0.0,0.0,0.0,40.0,True,
axis_J6,0.0,0.0,0.0,0.0,0.0,45.0,True,
axis_J6,0.0,0.0,0.0,0.0,0.0,50.0,True,
combined_grid,0,-40,-60,-60,-90,0,True,
combined_grid,0,-40,-60,-60,-90,25,True,
combined_grid,0,-40,-60,-60,-90,50,True,
combined_grid,0,-40,-60,-60,0,0,True,
combined_grid,0,-40,-60,-60,0,25,True,
combined_grid,0,-40,-60,-60,0,50,True,
combined_grid,0,-40,-60,-60,90,0,True,
combined_grid,0,-40,-60,-60,90,25,True,
combined_grid,0,-40,-60,-60,90,50,True,
combined_grid,0,-40,-60,-30,-90,0,True,
combined_grid,0,-40,-60,-30,-90,25,True,
combined_grid,0,-40,-60,-30,-90,50,True,
combined_grid,0,-40,-60,-30,0,0,True,
combined_grid,0,-40,-60,-30,0,25,True,
combined_grid,0,-40,-60,-30,0,50,True,
combined_grid,0,-40,-60,-30,90,0,True,
combined_grid,0,-40,-60,-30,90,25,True,
combined_grid,0,-40,-60,-30,90,50,True,
combined_grid,0,-40,-60,0,-90,0,True,
combined_grid,0,-40,-60,0,-90,25,True,
combined_grid,0,-40,-60,0,-90,50,True,
combined_grid,0,-40,-60,0,0,0,True,
combined_grid,0,-40,-60,0,0,25,True,
combined_grid,0,-40,-60,0,0,50,True,
combined_grid,0,-40,-60,0,90,0,True,
combined_grid,0,-40,-60,0,90,25,True,
combined_grid,0,-40,-60,0,90,50,True,
combined_grid,0,-40,-60,30,-90,0,True,
combined_grid,0,-40,-60,30,-90,25,True,
combined_grid,0,-40,-60,30,-90,50,True,
combined_grid,0,-40,-60,30,0,0,True,
combined_grid,0,-40,-60,30,0,25,True,
combined_grid,0,-40,-60,30,0,50,True,
combined_grid,0,-40,-60,30,90,0,True,
combined_grid,0,-40,-60,30,90,25,True,
combined_grid,0,-40,-60,30,90,50,True,
combined_grid,0,-40,-60,60,-90,0,True,
combined_grid,0,-40,-60,60,-90,25,True,
combined_grid,0,-40,-60,60,-90,50,True,
combined_grid,0,-40,-60,60,0,0,True,
combined_grid,0,-40,-60,60,0,25,True,
combined_grid,0,-40,-60,60,0,50,True,
combined_grid,0,-40,-60,60,90,0,True,
combined_grid,0,-40,-60,60,90,25,True,
combined_grid,0,-40,-60,60,90,50,True,
combined_grid,0,-40,-30,-60,-90,0,True,
combined_grid,0,-40,-30,-60,-90,25,True,
combined_grid,0,-40,-30,-60,-90,50,True,
combined_grid,0,-40,-30,-60,0,0,True,
combined_grid,0,-40,-30,-60,0,25,True,
combined_grid,0,-40,-30,-60,0,50,True,
combined_grid,0,-40,-30,-60,90,0,True,
combined_grid,0,-40,-30,-60,90,25,True,
combined_grid,0,-40,-30,-60,90,50,True,
combined_grid,0,-40,-30,-30,-90,0,True,
combined_grid,0,-40,-30,-30,-90,25,True,
combined_grid,0,-40,-30,-30,-90,50,True,
combined_grid,0,-40,-30,-30,0,0,True,
combined_grid,0,-40,-30,-30,0,25,True,
combined_grid,0,-40,-30,-30,0,50,True,
combined_grid,0,-40,-30,-30,90,0,True,
combined_grid,0,-40,-30,-30,90,25,True,
combined_grid,0,-40,-30,-30,90,50,True,
combined_grid,0,-40,-30,0,-90,0,True,
combined_grid,0,-40,-30,0,-90,25,True,
combined_grid,0,-40,-30,0,-90,50,True,
combined_grid,0,-40,-30,0,0,0,True,
combined_grid,0,-40,-30,0,0,25,True,
combined_grid,0,-40,-30,0,0,50,True,
combined_grid,0,-40,-30,0,90,0,True,
combined_grid,0,-40,-30,0,90,25,True,
combined_grid,0,-40,-30,0,90,50,True,
combined_grid,0,-40,-30,30,-90,0,True,
combined_grid,0,-40,-30,30,-90,25,True,
combined_grid,0,-40,-30,30,-90,50,True,
combined_grid,0,-40,-30,30,0,0,True,
combined_grid,0,-40,-30,30,0,25,True,
combined_grid,0,-40,-30,30,0,50,True,
combined_grid,0,-40,-30,30,90,0,True,
combined_grid,0,-40,-30,30,90,25,True,
combined_grid,0,-40,-30,30,90,50,True,
combined_grid,0,-40,-30,60,-90,0,True,
combined_grid,0,-40,-30,60,-90,25,True,
combined_grid,0,-40,-30,60,-90,50,True,
combined_grid,0,-40,-30,60,0,0,True,
combined_grid,0,-40,-30,60,0,25,True,
combined_grid,0,-40,-30,60,0,50,True,
combined_grid,0,-40,-30,60,90,0,True,
combined_grid,0,-40,-30,60,90,25,True,
combined_grid,0,-40,-30,60,90,50,True,
combined_grid,0,-40,0,-60,-90,0,True,
combined_grid,0,-40,0,-60,-90,25,True,
combined_grid,0,-40,0,-60,-90,50,True,
combined_grid,0,-40,0,-60,0,0,True,
combined_grid,0,-40,0,-60,0,25,True,
combined_grid,0,-40,0,-60,0,50,True,
combined_grid,0,-40,0,-60,90,0,True,
combined_grid,0,-40,0,-60,90,25,True,
combined_grid,0,-40,0,-60,90,50,True,
combined_grid,0,-40,0,-30,-90,0,True,
combined_grid,0,-40,0,-30,-90,25,True,
combined_grid,0,-40,0,-30,-90,50,True,
combined_grid,0,-40,0,-30,0,0,True,
combined_grid,0,-40,0,-30,0,25,True,
combined_grid,0,-40,0,-30,0,50,True,
combined_grid,0,-40,0,-30,90,0,True,
combined_grid,0,-40,0,-30,90,25,True,
combined_grid,0,-40,0,-30,90,50,True,
combined_grid,0,-40,0,0,-90,0,True,
combined_grid,0,-40,0,0,-90,25,True,
combined_grid,0,-40,0,0,-90,50,True,
combined_grid,0,-40,0,0,0,0,True,
combined_grid,0,-40,0,0,0,25,True,
combined_grid,0,-40,0,0,0,50,True,
combined_grid,0,-40,0,0,90,0,True,
combined_grid,0,-40,0,0,90,25,True,
combined_grid,0,-40,0,0,90,50,True,
combined_grid,0,-40,0,30,-90,0,True,
combined_grid,0,-40,0,30,-90,25,True,
combined_grid,0,-40,0,30,-90,50,True,
combined_grid,0,-40,0,30,0,0,True,
combined_grid,0,-40,0,30,0,25,True,
combined_grid,0,-40,0,30,0,50,True,
combined_grid,0,-40,0,30,90,0,True,
combined_grid,0,-40,0,30,90,25,True,
combined_grid,0,-40,0,30,90,50,True,
combined_grid,0,-40,0,60,-90,0,True,
combined_grid,0,-40,0,60,-90,25,True,
combined_grid,0,-40,0,60,-90,50,True,
combined_grid,0,-40,0,60,0,0,True,
combined_grid,0,-40,0,60,0,25,True,
combined_grid,0,-40,0,60,0,50,True,
combined_grid,0,-40,0,60,90,0,True,
combined_grid,0,-40,0,60,90,25,True,
combined_grid,0,-40,0,60,90,50,True,
combined_grid,0,-40,30,-60,-90,0,True,
combined_grid,0,-40,30,-60,-90,25,True,
combined_grid,0,-40,30,-60,-90,50,True,
combined_grid,0,-40,30,-60,0,0,True,
combined_grid,0,-40,30,-60,0,25,True,
combined_grid,0,-40,30,-60,0,50,True,
combined_grid,0,-40,30,-60,90,0,True,
combined_grid,0,-40,30,-60,90,25,True,
combined_grid,0,-40,30,-60,90,50,True,
combined_grid,0,-40,30,-30,-90,0,True,
combined_grid,0,-40,30,-30,-90,25,True,
combined_grid,0,-40,30,-30,-90,50,True,
combined_grid,0,-40,30,-30,0,0,True,
combined_grid,0,-40,30,-30,0,25,True,
combined_grid,0,-40,30,-30,0,50,True,
combined_grid,0,-40,30,-30,90,0,True,
combined_grid,0,-40,30,-30,90,25,True,
combined_grid,0,-40,30,-30,90,50,True,
combined_grid,0,-40,30,0,-90,0,True,
combined_grid,0,-40,30,0,-90,25,True,
combined_grid,0,-40,30,0,-90,50,True,
combined_grid,0,-40,30,0,0,0,True,
combined_grid,0,-40,30,0,0,25,True,
combined_grid,0,-40,30,0,0,50,True,
combined_grid,0,-40,30,0,90,0,True,
combined_grid,0,-40,30,0,90,25,True,
combined_grid,0,-40,30,0,90,50,True,
combined_grid,0,-40,30,30,-90,0,True,
combined_grid,0,-40,30,30,-90,25,True,
combined_grid,0,-40,30,30,-90,50,True,
combined_grid,0,-40,30,30,0,0,True,
combined_grid,0,-40,30,30,0,25,True,
combined_grid,0,-40,30,30,0,50,True,
combined_grid,0,-40,30,30,90,0,True,
combined_grid,0,-40,30,30,90,25,True,
combined_grid,0,-40,30,30,90,50,True,
combined_grid,0,-40,30,60,-90,0,True,
combined_grid,0,-40,30,60,-90,25,True,
combined_grid,0,-40,30,60,-90,50,True,
combined_grid,0,-40,30,60,0,0,True,
combined_grid,0,-40,30,60,0,25,True,
combined_grid,0,-40,30,60,0,50,True,
combined_grid,0,-40,30,60,90,0,True,
combined_grid,0,-40,30,60,90,25,True,
combined_grid,0,-40,30,60,90,50,True,
combined_grid,0,-40,60,-60,-90,0,True,
combined_grid,0,-40,60,-60,-90,25,True,
combined_grid,0,-40,60,-60,-90,50,True,
combined_grid,0,-40,60,-60,0,0,True,
combined_grid,0,-40,60,-60,0,25,True,
combined_grid,0,-40,60,-60,0,50,True,
combined_grid,0,-40,60,-60,90,0,True,
combined_grid,0,-40,60,-60,90,25,True,
combined_grid,0,-40,60,-60,90,50,True,
combined_grid,0,-40,60,-30,-90,0,True,
combined_grid,0,-40,60,-30,-90,25,True,
combined_grid,0,-40,60,-30,-90,50,True,
combined_grid,0,-40,60,-30,0,0,True,
combined_grid,0,-40,60,-30,0,25,True,
combined_grid,0,-40,60,-30,0,50,True,
combined_grid,0,-40,60,-30,90,0,True,
combined_grid,0,-40,60,-30,90,25,True,
combined_grid,0,-40,60,-30,90,50,True,
combined_grid,0,-40,60,0,-90,0,True,
combined_grid,0,-40,60,0,-90,25,True,
combined_grid,0,-40,60,0,-90,50,True,
combined_grid,0,-40,60,0,0,0,True,
combined_grid,0,-40,60,0,0,25,True,
combined_grid,0,-40,60,0,0,50,True,
combined_grid,0,-40,60,0,90,0,True,
combined_grid,0,-40,60,0,90,25,True,
combined_grid,0,-40,60,0,90,50,True,
combined_grid,0,-40,60,30,-90,0,True,
combined_grid,0,-40,60,30,-90,25,True,
combined_grid,0,-40,60,30,-90,50,True,
combined_grid,0,-40,60,30,0,0,True,
combined_grid,0,-40,60,30,0,25,True,
combined_grid,0,-40,60,30,0,50,True,
combined_grid,0,-40,60,30,90,0,True,
combined_grid,0,-40,60,30,90,25,True,
combined_grid,0,-40,60,30,90,50,True,
combined_grid,0,-40,60,60,-90,0,True,
combined_grid,0,-40,60,60,-90,25,True,
combined_grid,0,-40,60,60,-90,50,True,
combined_grid,0,-40,60,60,0,0,True,
combined_grid,0,-40,60,60,0,25,True,
combined_grid,0,-40,60,60,0,50,True,
combined_grid,0,-40,60,60,90,0,True,
combined_grid,0,-40,60,60,90,25,True,
combined_grid,0,-40,60,60,90,50,True,
combined_grid,0,-20,-60,-60,-90,0,False,M01 / M06;P01_base / M06;P01_base / P06_fixed_gripper_XL430
combined_grid,0,-20,-60,-60,-90,25,False,M01 / M06;P01_base / M06;P01_base / P06_fixed_gripper_XL430
combined_grid,0,-20,-60,-60,-90,50,False,M01 / M06;P01_base / M06;P01_base / P06_fixed_gripper_XL430
combined_grid,0,-20,-60,-60,0,0,False,M01 / P06_fixed_gripper_XL430;P01_base / P06_fixed_gripper_XL430
combined_grid,0,-20,-60,-60,0,25,False,M01 / P06_fixed_gripper_XL430;P01_base / P06_fixed_gripper_XL430
combined_grid,0,-20,-60,-60,0,50,False,M01 / P06_fixed_gripper_XL430;P01_base / P06_fixed_gripper_XL430
combined_grid,0,-20,-60,-60,90,0,False,M01 / M06;P01_base / M06;P01_base / P06_fixed_gripper_XL430
combined_grid,0,-20,-60,-60,90,25,False,M01 / M06;P01_base / M06;P01_base / P06_fixed_gripper_XL430
combined_grid,0,-20,-60,-60,90,50,False,M01 / M06;P01_base / M06;P01_base / P06_fixed_gripper_XL430
combined_grid,0,-20,-60,-30,-90,0,True,
combined_grid,0,-20,-60,-30,-90,25,True,
combined_grid,0,-20,-60,-30,-90,50,True,
combined_grid,0,-20,-60,-30,0,0,True,
combined_grid,0,-20,-60,-30,0,25,True,
combined_grid,0,-20,-60,-30,0,50,True,
combined_grid,0,-20,-60,-30,90,0,True,
combined_grid,0,-20,-60,-30,90,25,True,
combined_grid,0,-20,-60,-30,90,50,True,
combined_grid,0,-20,-60,0,-90,0,True,
combined_grid,0,-20,-60,0,-90,25,True,
combined_grid,0,-20,-60,0,-90,50,True,
combined_grid,0,-20,-60,0,0,0,True,
combined_grid,0,-20,-60,0,0,25,True,
combined_grid,0,-20,-60,0,0,50,True,
combined_grid,0,-20,-60,0,90,0,True,
combined_grid,0,-20,-60,0,90,25,True,
combined_grid,0,-20,-60,0,90,50,True,
combined_grid,0,-20,-60,30,-90,0,True,
combined_grid,0,-20,-60,30,-90,25,True,
combined_grid,0,-20,-60,30,-90,50,True,
combined_grid,0,-20,-60,30,0,0,True,
combined_grid,0,-20,-60,30,0,25,True,
combined_grid,0,-20,-60,30,0,50,True,
combined_grid,0,-20,-60,30,90,0,True,
combined_grid,0,-20,-60,30,90,25,True,
combined_grid,0,-20,-60,30,90,50,True,
combined_grid,0,-20,-60,60,-90,0,True,
combined_grid,0,-20,-60,60,-90,25,True,
combined_grid,0,-20,-60,60,-90,50,True,
combined_grid,0,-20,-60,60,0,0,True,
combined_grid,0,-20,-60,60,0,25,True,
combined_grid,0,-20,-60,60,0,50,True,
combined_grid,0,-20,-60,60,90,0,True,
combined_grid,0,-20,-60,60,90,25,True,
combined_grid,0,-20,-60,60,90,50,True,
combined_grid,0,-20,-30,-60,-90,0,True,
combined_grid,0,-20,-30,-60,-90,25,True,
combined_grid,0,-20,-30,-60,-90,50,True,
combined_grid,0,-20,-30,-60,0,0,True,
combined_grid,0,-20,-30,-60,0,25,True,
combined_grid,0,-20,-30,-60,0,50,True,
combined_grid,0,-20,-30,-60,90,0,True,
combined_grid,0,-20,-30,-60,90,25,True,
combined_grid,0,-20,-30,-60,90,50,True,
combined_grid,0,-20,-30,-30,-90,0,True,
combined_grid,0,-20,-30,-30,-90,25,True,
combined_grid,0,-20,-30,-30,-90,50,True,
combined_grid,0,-20,-30,-30,0,0,True,
combined_grid,0,-20,-30,-30,0,25,True,
combined_grid,0,-20,-30,-30,0,50,True,
combined_grid,0,-20,-30,-30,90,0,True,
combined_grid,0,-20,-30,-30,90,25,True,
combined_grid,0,-20,-30,-30,90,50,True,
combined_grid,0,-20,-30,0,-90,0,True,
combined_grid,0,-20,-30,0,-90,25,True,
combined_grid,0,-20,-30,0,-90,50,True,
combined_grid,0,-20,-30,0,0,0,True,
combined_grid,0,-20,-30,0,0,25,True,
combined_grid,0,-20,-30,0,0,50,True,
combined_grid,0,-20,-30,0,90,0,True,
combined_grid,0,-20,-30,0,90,25,True,
combined_grid,0,-20,-30,0,90,50,True,
combined_grid,0,-20,-30,30,-90,0,True,
combined_grid,0,-20,-30,30,-90,25,True,
combined_grid,0,-20,-30,30,-90,50,True,
combined_grid,0,-20,-30,30,0,0,True,
combined_grid,0,-20,-30,30,0,25,True,
combined_grid,0,-20,-30,30,0,50,True,
combined_grid,0,-20,-30,30,90,0,True,
combined_grid,0,-20,-30,30,90,25,True,
combined_grid,0,-20,-30,30,90,50,True,
combined_grid,0,-20,-30,60,-90,0,True,
combined_grid,0,-20,-30,60,-90,25,True,
combined_grid,0,-20,-30,60,-90,50,True,
combined_grid,0,-20,-30,60,0,0,True,
combined_grid,0,-20,-30,60,0,25,True,
combined_grid,0,-20,-30,60,0,50,True,
combined_grid,0,-20,-30,60,90,0,True,
combined_grid,0,-20,-30,60,90,25,True,
combined_grid,0,-20,-30,60,90,50,True,
combined_grid,0,-20,0,-60,-90,0,True,
combined_grid,0,-20,0,-60,-90,25,True,
combined_grid,0,-20,0,-60,-90,50,True,
combined_grid,0,-20,0,-60,0,0,True,
combined_grid,0,-20,0,-60,0,25,True,
combined_grid,0,-20,0,-60,0,50,True,
combined_grid,0,-20,0,-60,90,0,True,
combined_grid,0,-20,0,-60,90,25,True,
combined_grid,0,-20,0,-60,90,50,True,
combined_grid,0,-20,0,-30,-90,0,True,
combined_grid,0,-20,0,-30,-90,25,True,
combined_grid,0,-20,0,-30,-90,50,True,
combined_grid,0,-20,0,-30,0,0,True,
combined_grid,0,-20,0,-30,0,25,True,
combined_grid,0,-20,0,-30,0,50,True,
combined_grid,0,-20,0,-30,90,0,True,
combined_grid,0,-20,0,-30,90,25,True,
combined_grid,0,-20,0,-30,90,50,True,
combined_grid,0,-20,0,0,-90,0,True,
combined_grid,0,-20,0,0,-90,25,True,
combined_grid,0,-20,0,0,-90,50,True,
combined_grid,0,-20,0,0,0,0,True,
combined_grid,0,-20,0,0,0,25,True,
combined_grid,0,-20,0,0,0,50,True,
combined_grid,0,-20,0,0,90,0,True,
combined_grid,0,-20,0,0,90,25,True,
combined_grid,0,-20,0,0,90,50,True,
combined_grid,0,-20,0,30,-90,0,True,
combined_grid,0,-20,0,30,-90,25,True,
combined_grid,0,-20,0,30,-90,50,True,
combined_grid,0,-20,0,30,0,0,True,
combined_grid,0,-20,0,30,0,25,True,
combined_grid,0,-20,0,30,0,50,True,
combined_grid,0,-20,0,30,90,0,True,
combined_grid,0,-20,0,30,90,25,True,
combined_grid,0,-20,0,30,90,50,True,
combined_grid,0,-20,0,60,-90,0,True,
combined_grid,0,-20,0,60,-90,25,True,
combined_grid,0,-20,0,60,-90,50,True,
combined_grid,0,-20,0,60,0,0,True,
combined_grid,0,-20,0,60,0,25,True,
combined_grid,0,-20,0,60,0,50,True,
combined_grid,0,-20,0,60,90,0,True,
combined_grid,0,-20,0,60,90,25,True,
combined_grid,0,-20,0,60,90,50,True,
combined_grid,0,-20,30,-60,-90,0,True,
combined_grid,0,-20,30,-60,-90,25,True,
combined_grid,0,-20,30,-60,-90,50,True,
combined_grid,0,-20,30,-60,0,0,True,
combined_grid,0,-20,30,-60,0,25,True,
combined_grid,0,-20,30,-60,0,50,True,
combined_grid,0,-20,30,-60,90,0,True,
combined_grid,0,-20,30,-60,90,25,True,
combined_grid,0,-20,30,-60,90,50,True,
combined_grid,0,-20,30,-30,-90,0,True,
combined_grid,0,-20,30,-30,-90,25,True,
combined_grid,0,-20,30,-30,-90,50,True,
combined_grid,0,-20,30,-30,0,0,True,
combined_grid,0,-20,30,-30,0,25,True,
combined_grid,0,-20,30,-30,0,50,True,
combined_grid,0,-20,30,-30,90,0,True,
combined_grid,0,-20,30,-30,90,25,True,
combined_grid,0,-20,30,-30,90,50,True,
combined_grid,0,-20,30,0,-90,0,True,
combined_grid,0,-20,30,0,-90,25,True,
combined_grid,0,-20,30,0,-90,50,True,
combined_grid,0,-20,30,0,0,0,True,
combined_grid,0,-20,30,0,0,25,True,
combined_grid,0,-20,30,0,0,50,True,
combined_grid,0,-20,30,0,90,0,True,
combined_grid,0,-20,30,0,90,25,True,
combined_grid,0,-20,30,0,90,50,True,
combined_grid,0,-20,30,30,-90,0,True,
combined_grid,0,-20,30,30,-90,25,True,
combined_grid,0,-20,30,30,-90,50,True,
combined_grid,0,-20,30,30,0,0,True,
combined_grid,0,-20,30,30,0,25,True,
combined_grid,0,-20,30,30,0,50,True,
combined_grid,0,-20,30,30,90,0,True,
combined_grid,0,-20,30,30,90,25,True,
combined_grid,0,-20,30,30,90,50,True,
combined_grid,0,-20,30,60,-90,0,True,
combined_grid,0,-20,30,60,-90,25,True,
combined_grid,0,-20,30,60,-90,50,True,
combined_grid,0,-20,30,60,0,0,True,
combined_grid,0,-20,30,60,0,25,True,
combined_grid,0,-20,30,60,0,50,True,
combined_grid,0,-20,30,60,90,0,True,
combined_grid,0,-20,30,60,90,25,True,
combined_grid,0,-20,30,60,90,50,True,
combined_grid,0,-20,60,-60,-90,0,True,
combined_grid,0,-20,60,-60,-90,25,True,
combined_grid,0,-20,60,-60,-90,50,True,
combined_grid,0,-20,60,-60,0,0,True,
combined_grid,0,-20,60,-60,0,25,True,
combined_grid,0,-20,60,-60,0,50,True,
combined_grid,0,-20,60,-60,90,0,True,
combined_grid,0,-20,60,-60,90,25,True,
combined_grid,0,-20,60,-60,90,50,True,
combined_grid,0,-20,60,-30,-90,0,True,
combined_grid,0,-20,60,-30,-90,25,True,
combined_grid,0,-20,60,-30,-90,50,True,
combined_grid,0,-20,60,-30,0,0,True,
combined_grid,0,-20,60,-30,0,25,True,
combined_grid,0,-20,60,-30,0,50,True,
combined_grid,0,-20,60,-30,90,0,True,
combined_grid,0,-20,60,-30,90,25,True,
combined_grid,0,-20,60,-30,90,50,True,
combined_grid,0,-20,60,0,-90,0,True,
combined_grid,0,-20,60,0,-90,25,True,
combined_grid,0,-20,60,0,-90,50,True,
combined_grid,0,-20,60,0,0,0,True,
combined_grid,0,-20,60,0,0,25,True,
combined_grid,0,-20,60,0,0,50,True,
combined_grid,0,-20,60,0,90,0,True,
combined_grid,0,-20,60,0,90,25,True,
combined_grid,0,-20,60,0,90,50,True,
combined_grid,0,-20,60,30,-90,0,True,
combined_grid,0,-20,60,30,-90,25,True,
combined_grid,0,-20,60,30,-90,50,True,
combined_grid,0,-20,60,30,0,0,True,
combined_grid,0,-20,60,30,0,25,True,
combined_grid,0,-20,60,30,0,50,True,
combined_grid,0,-20,60,30,90,0,True,
combined_grid,0,-20,60,30,90,25,True,
combined_grid,0,-20,60,30,90,50,True,
combined_grid,0,-20,60,60,-90,0,True,
combined_grid,0,-20,60,60,-90,25,True,
combined_grid,0,-20,60,60,-90,50,True,
combined_grid,0,-20,60,60,0,0,True,
combined_grid,0,-20,60,60,0,25,True,
combined_grid,0,-20,60,60,0,50,True,
combined_grid,0,-20,60,60,90,0,True,
combined_grid,0,-20,60,60,90,25,True,
combined_grid,0,-20,60,60,90,50,True,
combined_grid,0,0,-60,-60,-90,0,False,M01 / M06;M01 / P06_fixed_gripper_XL430;P01_base / M06;P01_base / P06_fixed_gripper_XL430
combined_grid,0,0,-60,-60,-90,25,False,M01 / M06;M01 / P06_fixed_gripper_XL430;P01_base / M06;P01_base / P06_fixed_gripper_XL430
combined_grid,0,0,-60,-60,-90,50,False,M01 / M06;M01 / P06_fixed_gripper_XL430;P01_base / M06;P01_base / P06_fixed_gripper_XL430
combined_grid,0,0,-60,-60,0,0,False,M01 / M06;M01 / P06_fixed_gripper_XL430;P01_base / M06;P01_base / P06_fixed_gripper_XL430
combined_grid,0,0,-60,-60,0,25,False,M01 / M06;M01 / P06_fixed_gripper_XL430;P01_base / M06;P01_base / P06_fixed_gripper_XL430
combined_grid,0,0,-60,-60,0,50,False,M01 / M06;M01 / P06_fixed_gripper_XL430;P01_base / M06;P01_base / P06_fixed_gripper_XL430
combined_grid,0,0,-60,-60,90,0,False,M01 / M06;M01 / P06_fixed_gripper_XL430;P01_base / M06;P01_base / P06_fixed_gripper_XL430
combined_grid,0,0,-60,-60,90,25,False,M01 / M06;M01 / P06_fixed_gripper_XL430;P01_base / M06;P01_base / P06_fixed_gripper_XL430
combined_grid,0,0,-60,-60,90,50,False,M01 / M06;M01 / P06_fixed_gripper_XL430;P01_base / M06;P01_base / P06_fixed_gripper_XL430
combined_grid,0,0,-60,-30,-90,0,True,
combined_grid,0,0,-60,-30,-90,25,True,
combined_grid,0,0,-60,-30,-90,50,True,
combined_grid,0,0,-60,-30,0,0,True,
combined_grid,0,0,-60,-30,0,25,True,
combined_grid,0,0,-60,-30,0,50,True,
combined_grid,0,0,-60,-30,90,0,True,
combined_grid,0,0,-60,-30,90,25,True,
combined_grid,0,0,-60,-30,90,50,True,
combined_grid,0,0,-60,0,-90,0,True,
combined_grid,0,0,-60,0,-90,25,True,
combined_grid,0,0,-60,0,-90,50,True,
combined_grid,0,0,-60,0,0,0,True,
combined_grid,0,0,-60,0,0,25,True,
combined_grid,0,0,-60,0,0,50,True,
combined_grid,0,0,-60,0,90,0,True,
combined_grid,0,0,-60,0,90,25,True,
combined_grid,0,0,-60,0,90,50,True,
combined_grid,0,0,-60,30,-90,0,True,
combined_grid,0,0,-60,30,-90,25,True,
combined_grid,0,0,-60,30,-90,50,True,
combined_grid,0,0,-60,30,0,0,True,
combined_grid,0,0,-60,30,0,25,True,
combined_grid,0,0,-60,30,0,50,True,
combined_grid,0,0,-60,30,90,0,True,
combined_grid,0,0,-60,30,90,25,True,
combined_grid,0,0,-60,30,90,50,True,
combined_grid,0,0,-60,60,-90,0,True,
combined_grid,0,0,-60,60,-90,25,True,
combined_grid,0,0,-60,60,-90,50,True,
combined_grid,0,0,-60,60,0,0,True,
combined_grid,0,0,-60,60,0,25,True,
combined_grid,0,0,-60,60,0,50,True,
combined_grid,0,0,-60,60,90,0,True,
combined_grid,0,0,-60,60,90,25,True,
combined_grid,0,0,-60,60,90,50,True,
combined_grid,0,0,-30,-60,-90,0,True,
combined_grid,0,0,-30,-60,-90,25,True,
combined_grid,0,0,-30,-60,-90,50,True,
combined_grid,0,0,-30,-60,0,0,True,
combined_grid,0,0,-30,-60,0,25,True,
combined_grid,0,0,-30,-60,0,50,True,
combined_grid,0,0,-30,-60,90,0,True,
combined_grid,0,0,-30,-60,90,25,True,
combined_grid,0,0,-30,-60,90,50,True,
combined_grid,0,0,-30,-30,-90,0,True,
combined_grid,0,0,-30,-30,-90,25,True,
combined_grid,0,0,-30,-30,-90,50,True,
combined_grid,0,0,-30,-30,0,0,True,
combined_grid,0,0,-30,-30,0,25,True,
combined_grid,0,0,-30,-30,0,50,True,
combined_grid,0,0,-30,-30,90,0,True,
combined_grid,0,0,-30,-30,90,25,True,
combined_grid,0,0,-30,-30,90,50,True,
combined_grid,0,0,-30,0,-90,0,True,
combined_grid,0,0,-30,0,-90,25,True,
combined_grid,0,0,-30,0,-90,50,True,
combined_grid,0,0,-30,0,0,0,True,
combined_grid,0,0,-30,0,0,25,True,
combined_grid,0,0,-30,0,0,50,True,
combined_grid,0,0,-30,0,90,0,True,
combined_grid,0,0,-30,0,90,25,True,
combined_grid,0,0,-30,0,90,50,True,
combined_grid,0,0,-30,30,-90,0,True,
combined_grid,0,0,-30,30,-90,25,True,
combined_grid,0,0,-30,30,-90,50,True,
combined_grid,0,0,-30,30,0,0,True,
combined_grid,0,0,-30,30,0,25,True,
combined_grid,0,0,-30,30,0,50,True,
combined_grid,0,0,-30,30,90,0,True,
combined_grid,0,0,-30,30,90,25,True,
combined_grid,0,0,-30,30,90,50,True,
combined_grid,0,0,-30,60,-90,0,True,
combined_grid,0,0,-30,60,-90,25,True,
combined_grid,0,0,-30,60,-90,50,True,
combined_grid,0,0,-30,60,0,0,True,
combined_grid,0,0,-30,60,0,25,True,
combined_grid,0,0,-30,60,0,50,True,
combined_grid,0,0,-30,60,90,0,True,
combined_grid,0,0,-30,60,90,25,True,
combined_grid,0,0,-30,60,90,50,True,
combined_grid,0,0,0,-60,-90,0,True,
combined_grid,0,0,0,-60,-90,25,True,
combined_grid,0,0,0,-60,-90,50,True,
combined_grid,0,0,0,-60,0,0,True,
combined_grid,0,0,0,-60,0,25,True,
combined_grid,0,0,0,-60,0,50,True,
combined_grid,0,0,0,-60,90,0,True,
combined_grid,0,0,0,-60,90,25,True,
combined_grid,0,0,0,-60,90,50,True,
combined_grid,0,0,0,-30,-90,0,True,
combined_grid,0,0,0,-30,-90,25,True,
combined_grid,0,0,0,-30,-90,50,True,
combined_grid,0,0,0,-30,0,0,True,
combined_grid,0,0,0,-30,0,25,True,
combined_grid,0,0,0,-30,0,50,True,
combined_grid,0,0,0,-30,90,0,True,
combined_grid,0,0,0,-30,90,25,True,
combined_grid,0,0,0,-30,90,50,True,
combined_grid,0,0,0,0,-90,0,True,
combined_grid,0,0,0,0,-90,25,True,
combined_grid,0,0,0,0,-90,50,True,
combined_grid,0,0,0,0,0,0,True,
combined_grid,0,0,0,0,0,25,True,
combined_grid,0,0,0,0,0,50,True,
combined_grid,0,0,0,0,90,0,True,
combined_grid,0,0,0,0,90,25,True,
combined_grid,0,0,0,0,90,50,True,
combined_grid,0,0,0,30,-90,0,True,
combined_grid,0,0,0,30,-90,25,True,
combined_grid,0,0,0,30,-90,50,True,
combined_grid,0,0,0,30,0,0,True,
combined_grid,0,0,0,30,0,25,True,
combined_grid,0,0,0,30,0,50,True,
combined_grid,0,0,0,30,90,0,True,
combined_grid,0,0,0,30,90,25,True,
combined_grid,0,0,0,30,90,50,True,
combined_grid,0,0,0,60,-90,0,True,
combined_grid,0,0,0,60,-90,25,True,
combined_grid,0,0,0,60,-90,50,True,
combined_grid,0,0,0,60,0,0,True,
combined_grid,0,0,0,60,0,25,True,
combined_grid,0,0,0,60,0,50,True,
combined_grid,0,0,0,60,90,0,True,
combined_grid,0,0,0,60,90,25,True,
combined_grid,0,0,0,60,90,50,True,
combined_grid,0,0,30,-60,-90,0,True,
combined_grid,0,0,30,-60,-90,25,True,
combined_grid,0,0,30,-60,-90,50,True,
combined_grid,0,0,30,-60,0,0,True,
combined_grid,0,0,30,-60,0,25,True,
combined_grid,0,0,30,-60,0,50,True,
combined_grid,0,0,30,-60,90,0,True,
combined_grid,0,0,30,-60,90,25,True,
combined_grid,0,0,30,-60,90,50,True,
combined_grid,0,0,30,-30,-90,0,True,
combined_grid,0,0,30,-30,-90,25,True,
combined_grid,0,0,30,-30,-90,50,True,
combined_grid,0,0,30,-30,0,0,True,
combined_grid,0,0,30,-30,0,25,True,
combined_grid,0,0,30,-30,0,50,True,
combined_grid,0,0,30,-30,90,0,True,
combined_grid,0,0,30,-30,90,25,True,
combined_grid,0,0,30,-30,90,50,True,
combined_grid,0,0,30,0,-90,0,True,
combined_grid,0,0,30,0,-90,25,True,
combined_grid,0,0,30,0,-90,50,True,
combined_grid,0,0,30,0,0,0,True,
combined_grid,0,0,30,0,0,25,True,
combined_grid,0,0,30,0,0,50,True,
combined_grid,0,0,30,0,90,0,True,
combined_grid,0,0,30,0,90,25,True,
combined_grid,0,0,30,0,90,50,True,
combined_grid,0,0,30,30,-90,0,True,
combined_grid,0,0,30,30,-90,25,True,
combined_grid,0,0,30,30,-90,50,True,
combined_grid,0,0,30,30,0,0,True,
combined_grid,0,0,30,30,0,25,True,
combined_grid,0,0,30,30,0,50,True,
combined_grid,0,0,30,30,90,0,True,
combined_grid,0,0,30,30,90,25,True,
combined_grid,0,0,30,30,90,50,True,
combined_grid,0,0,30,60,-90,0,True,
combined_grid,0,0,30,60,-90,25,True,
combined_grid,0,0,30,60,-90,50,True,
combined_grid,0,0,30,60,0,0,True,
combined_grid,0,0,30,60,0,25,True,
combined_grid,0,0,30,60,0,50,True,
combined_grid,0,0,30,60,90,0,True,
combined_grid,0,0,30,60,90,25,True,
combined_grid,0,0,30,60,90,50,True,
combined_grid,0,0,60,-60,-90,0,True,
combined_grid,0,0,60,-60,-90,25,True,
combined_grid,0,0,60,-60,-90,50,True,
combined_grid,0,0,60,-60,0,0,True,
combined_grid,0,0,60,-60,0,25,True,
combined_grid,0,0,60,-60,0,50,True,
combined_grid,0,0,60,-60,90,0,True,
combined_grid,0,0,60,-60,90,25,True,
combined_grid,0,0,60,-60,90,50,True,
combined_grid,0,0,60,-30,-90,0,True,
combined_grid,0,0,60,-30,-90,25,True,
combined_grid,0,0,60,-30,-90,50,True,
combined_grid,0,0,60,-30,0,0,True,
combined_grid,0,0,60,-30,0,25,True,
combined_grid,0,0,60,-30,0,50,True,
combined_grid,0,0,60,-30,90,0,True,
combined_grid,0,0,60,-30,90,25,True,
combined_grid,0,0,60,-30,90,50,True,
combined_grid,0,0,60,0,-90,0,True,
combined_grid,0,0,60,0,-90,25,True,
combined_grid,0,0,60,0,-90,50,True,
combined_grid,0,0,60,0,0,0,True,
combined_grid,0,0,60,0,0,25,True,
combined_grid,0,0,60,0,0,50,True,
combined_grid,0,0,60,0,90,0,True,
combined_grid,0,0,60,0,90,25,True,
combined_grid,0,0,60,0,90,50,True,
combined_grid,0,0,60,30,-90,0,True,
combined_grid,0,0,60,30,-90,25,True,
combined_grid,0,0,60,30,-90,50,True,
combined_grid,0,0,60,30,0,0,True,
combined_grid,0,0,60,30,0,25,True,
combined_grid,0,0,60,30,0,50,True,
combined_grid,0,0,60,30,90,0,True,
combined_grid,0,0,60,30,90,25,True,
combined_grid,0,0,60,30,90,50,True,
combined_grid,0,0,60,60,-90,0,True,
combined_grid,0,0,60,60,-90,25,True,
combined_grid,0,0,60,60,-90,50,True,
combined_grid,0,0,60,60,0,0,True,
combined_grid,0,0,60,60,0,25,True,
combined_grid,0,0,60,60,0,50,True,
combined_grid,0,0,60,60,90,0,True,
combined_grid,0,0,60,60,90,25,True,
combined_grid,0,0,60,60,90,50,True,
combined_grid,0,20,-60,-60,-90,0,False,M01 / M05;M01 / M06;M01 / P05_wrist_XL430;M01 / P06_fixed_gripper_XL430;P01_base / M06;P01_base / P06_fixed_gripper_XL430
combined_grid,0,20,-60,-60,-90,25,False,M01 / M05;M01 / M06;M01 / P05_wrist_XL430;M01 / P06_fixed_gripper_XL430;P01_base / M06;P01_base / P06_fixed_gripper_XL430
combined_grid,0,20,-60,-60,-90,50,False,M01 / M05;M01 / M06;M01 / P05_wrist_XL430;M01 / P06_fixed_gripper_XL430;P01_base / M06;P01_base / P06_fixed_gripper_XL430
combined_grid,0,20,-60,-60,0,0,False,M01 / M05;M01 / M06;M01 / P05_wrist_XL430;M01 / P06_fixed_gripper_XL430;P01_base / M06;P01_base / P06_fixed_gripper_XL430
combined_grid,0,20,-60,-60,0,25,False,M01 / M05;M01 / M06;M01 / P05_wrist_XL430;M01 / P06_fixed_gripper_XL430;P01_base / M06;P01_base / P06_fixed_gripper_XL430
combined_grid,0,20,-60,-60,0,50,False,M01 / M05;M01 / M06;M01 / P05_wrist_XL430;M01 / P06_fixed_gripper_XL430;P01_base / M06;P01_base / P06_fixed_gripper_XL430
combined_grid,0,20,-60,-60,90,0,False,M01 / M05;M01 / M06;M01 / P05_wrist_XL430;M01 / P06_fixed_gripper_XL430;M01 / P07_moving_gripper_XL430;P01_base / M06;P01_base / P06_fixed_gripper_XL430;P01_base / P07_moving_gripper_XL430
combined_grid,0,20,-60,-60,90,25,False,M01 / M05;M01 / M06;M01 / P05_wrist_XL430;M01 / P06_fixed_gripper_XL430;M01 / P07_moving_gripper_XL430;P01_base / M06;P01_base / P06_fixed_gripper_XL430;P01_base / P07_moving_gripper_XL430
combined_grid,0,20,-60,-60,90,50,False,M01 / M05;M01 / M06;M01 / P05_wrist_XL430;M01 / P06_fixed_gripper_XL430;M01 / P07_moving_gripper_XL430;P01_base / M06;P01_base / P06_fixed_gripper_XL430;P01_base / P07_moving_gripper_XL430
combined_grid,0,20,-60,-30,-90,0,True,
combined_grid,0,20,-60,-30,-90,25,True,
combined_grid,0,20,-60,-30,-90,50,True,
combined_grid,0,20,-60,-30,0,0,True,
combined_grid,0,20,-60,-30,0,25,True,
combined_grid,0,20,-60,-30,0,50,True,
combined_grid,0,20,-60,-30,90,0,True,
combined_grid,0,20,-60,-30,90,25,True,
combined_grid,0,20,-60,-30,90,50,True,
combined_grid,0,20,-60,0,-90,0,True,
combined_grid,0,20,-60,0,-90,25,True,
combined_grid,0,20,-60,0,-90,50,True,
combined_grid,0,20,-60,0,0,0,True,
combined_grid,0,20,-60,0,0,25,True,
combined_grid,0,20,-60,0,0,50,True,
combined_grid,0,20,-60,0,90,0,True,
combined_grid,0,20,-60,0,90,25,True,
combined_grid,0,20,-60,0,90,50,True,
combined_grid,0,20,-60,30,-90,0,True,
combined_grid,0,20,-60,30,-90,25,True,
combined_grid,0,20,-60,30,-90,50,True,
combined_grid,0,20,-60,30,0,0,True,
combined_grid,0,20,-60,30,0,25,True,
combined_grid,0,20,-60,30,0,50,True,
combined_grid,0,20,-60,30,90,0,True,
combined_grid,0,20,-60,30,90,25,True,
combined_grid,0,20,-60,30,90,50,True,
combined_grid,0,20,-60,60,-90,0,True,
combined_grid,0,20,-60,60,-90,25,True,
combined_grid,0,20,-60,60,-90,50,True,
combined_grid,0,20,-60,60,0,0,True,
combined_grid,0,20,-60,60,0,25,True,
combined_grid,0,20,-60,60,0,50,True,
combined_grid,0,20,-60,60,90,0,True,
combined_grid,0,20,-60,60,90,25,True,
combined_grid,0,20,-60,60,90,50,True,
combined_grid,0,20,-30,-60,-90,0,True,
combined_grid,0,20,-30,-60,-90,25,True,
combined_grid,0,20,-30,-60,-90,50,True,
combined_grid,0,20,-30,-60,0,0,True,
combined_grid,0,20,-30,-60,0,25,True,
combined_grid,0,20,-30,-60,0,50,True,
combined_grid,0,20,-30,-60,90,0,True,
combined_grid,0,20,-30,-60,90,25,True,
combined_grid,0,20,-30,-60,90,50,True,
combined_grid,0,20,-30,-30,-90,0,True,
combined_grid,0,20,-30,-30,-90,25,True,
combined_grid,0,20,-30,-30,-90,50,True,
combined_grid,0,20,-30,-30,0,0,True,
combined_grid,0,20,-30,-30,0,25,True,
combined_grid,0,20,-30,-30,0,50,True,
combined_grid,0,20,-30,-30,90,0,True,
combined_grid,0,20,-30,-30,90,25,True,
combined_grid,0,20,-30,-30,90,50,True,
combined_grid,0,20,-30,0,-90,0,True,
combined_grid,0,20,-30,0,-90,25,True,
combined_grid,0,20,-30,0,-90,50,True,
combined_grid,0,20,-30,0,0,0,True,
combined_grid,0,20,-30,0,0,25,True,
combined_grid,0,20,-30,0,0,50,True,
combined_grid,0,20,-30,0,90,0,True,
combined_grid,0,20,-30,0,90,25,True,
combined_grid,0,20,-30,0,90,50,True,
combined_grid,0,20,-30,30,-90,0,True,
combined_grid,0,20,-30,30,-90,25,True,
combined_grid,0,20,-30,30,-90,50,True,
combined_grid,0,20,-30,30,0,0,True,
combined_grid,0,20,-30,30,0,25,True,
combined_grid,0,20,-30,30,0,50,True,
combined_grid,0,20,-30,30,90,0,True,
combined_grid,0,20,-30,30,90,25,True,
combined_grid,0,20,-30,30,90,50,True,
combined_grid,0,20,-30,60,-90,0,True,
combined_grid,0,20,-30,60,-90,25,True,
combined_grid,0,20,-30,60,-90,50,True,
combined_grid,0,20,-30,60,0,0,True,
combined_grid,0,20,-30,60,0,25,True,
combined_grid,0,20,-30,60,0,50,True,
combined_grid,0,20,-30,60,90,0,True,
combined_grid,0,20,-30,60,90,25,True,
combined_grid,0,20,-30,60,90,50,True,
combined_grid,0,20,0,-60,-90,0,True,
combined_grid,0,20,0,-60,-90,25,True,
combined_grid,0,20,0,-60,-90,50,True,
combined_grid,0,20,0,-60,0,0,True,
combined_grid,0,20,0,-60,0,25,True,
combined_grid,0,20,0,-60,0,50,True,
combined_grid,0,20,0,-60,90,0,True,
combined_grid,0,20,0,-60,90,25,True,
combined_grid,0,20,0,-60,90,50,True,
combined_grid,0,20,0,-30,-90,0,True,
combined_grid,0,20,0,-30,-90,25,True,
combined_grid,0,20,0,-30,-90,50,True,
combined_grid,0,20,0,-30,0,0,True,
combined_grid,0,20,0,-30,0,25,True,
combined_grid,0,20,0,-30,0,50,True,
combined_grid,0,20,0,-30,90,0,True,
combined_grid,0,20,0,-30,90,25,True,
combined_grid,0,20,0,-30,90,50,True,
combined_grid,0,20,0,0,-90,0,True,
combined_grid,0,20,0,0,-90,25,True,
combined_grid,0,20,0,0,-90,50,True,
combined_grid,0,20,0,0,0,0,True,
combined_grid,0,20,0,0,0,25,True,
combined_grid,0,20,0,0,0,50,True,
combined_grid,0,20,0,0,90,0,True,
combined_grid,0,20,0,0,90,25,True,
combined_grid,0,20,0,0,90,50,True,
combined_grid,0,20,0,30,-90,0,True,
combined_grid,0,20,0,30,-90,25,True,
combined_grid,0,20,0,30,-90,50,True,
combined_grid,0,20,0,30,0,0,True,
combined_grid,0,20,0,30,0,25,True,
combined_grid,0,20,0,30,0,50,True,
combined_grid,0,20,0,30,90,0,True,
combined_grid,0,20,0,30,90,25,True,
combined_grid,0,20,0,30,90,50,True,
combined_grid,0,20,0,60,-90,0,True,
combined_grid,0,20,0,60,-90,25,True,
combined_grid,0,20,0,60,-90,50,True,
combined_grid,0,20,0,60,0,0,True,
combined_grid,0,20,0,60,0,25,True,
combined_grid,0,20,0,60,0,50,True,
combined_grid,0,20,0,60,90,0,True,
combined_grid,0,20,0,60,90,25,True,
combined_grid,0,20,0,60,90,50,True,
combined_grid,0,20,30,-60,-90,0,True,
combined_grid,0,20,30,-60,-90,25,True,
combined_grid,0,20,30,-60,-90,50,True,
combined_grid,0,20,30,-60,0,0,True,
combined_grid,0,20,30,-60,0,25,True,
combined_grid,0,20,30,-60,0,50,True,
combined_grid,0,20,30,-60,90,0,True,
combined_grid,0,20,30,-60,90,25,True,
combined_grid,0,20,30,-60,90,50,True,
combined_grid,0,20,30,-30,-90,0,True,
combined_grid,0,20,30,-30,-90,25,True,
combined_grid,0,20,30,-30,-90,50,True,
combined_grid,0,20,30,-30,0,0,True,
combined_grid,0,20,30,-30,0,25,True,
combined_grid,0,20,30,-30,0,50,True,
combined_grid,0,20,30,-30,90,0,True,
combined_grid,0,20,30,-30,90,25,True,
combined_grid,0,20,30,-30,90,50,True,
combined_grid,0,20,30,0,-90,0,True,
combined_grid,0,20,30,0,-90,25,True,
combined_grid,0,20,30,0,-90,50,True,
combined_grid,0,20,30,0,0,0,True,
combined_grid,0,20,30,0,0,25,True,
combined_grid,0,20,30,0,0,50,True,
combined_grid,0,20,30,0,90,0,True,
combined_grid,0,20,30,0,90,25,True,
combined_grid,0,20,30,0,90,50,True,
combined_grid,0,20,30,30,-90,0,True,
combined_grid,0,20,30,30,-90,25,True,
combined_grid,0,20,30,30,-90,50,True,
combined_grid,0,20,30,30,0,0,True,
combined_grid,0,20,30,30,0,25,True,
combined_grid,0,20,30,30,0,50,True,
combined_grid,0,20,30,30,90,0,True,
combined_grid,0,20,30,30,90,25,True,
combined_grid,0,20,30,30,90,50,True,
combined_grid,0,20,30,60,-90,0,True,
combined_grid,0,20,30,60,-90,25,True,
combined_grid,0,20,30,60,-90,50,True,
combined_grid,0,20,30,60,0,0,True,
combined_grid,0,20,30,60,0,25,True,
combined_grid,0,20,30,60,0,50,True,
combined_grid,0,20,30,60,90,0,True,
combined_grid,0,20,30,60,90,25,True,
combined_grid,0,20,30,60,90,50,True,
combined_grid,0,20,60,-60,-90,0,True,
combined_grid,0,20,60,-60,-90,25,True,
combined_grid,0,20,60,-60,-90,50,True,
combined_grid,0,20,60,-60,0,0,True,
combined_grid,0,20,60,-60,0,25,True,
combined_grid,0,20,60,-60,0,50,True,
combined_grid,0,20,60,-60,90,0,True,
combined_grid,0,20,60,-60,90,25,True,
combined_grid,0,20,60,-60,90,50,True,
combined_grid,0,20,60,-30,-90,0,True,
combined_grid,0,20,60,-30,-90,25,True,
combined_grid,0,20,60,-30,-90,50,True,
combined_grid,0,20,60,-30,0,0,True,
combined_grid,0,20,60,-30,0,25,True,
combined_grid,0,20,60,-30,0,50,True,
combined_grid,0,20,60,-30,90,0,True,
combined_grid,0,20,60,-30,90,25,True,
combined_grid,0,20,60,-30,90,50,True,
combined_grid,0,20,60,0,-90,0,True,
combined_grid,0,20,60,0,-90,25,True,
combined_grid,0,20,60,0,-90,50,True,
combined_grid,0,20,60,0,0,0,True,
combined_grid,0,20,60,0,0,25,True,
combined_grid,0,20,60,0,0,50,True,
combined_grid,0,20,60,0,90,0,True,
combined_grid,0,20,60,0,90,25,True,
combined_grid,0,20,60,0,90,50,True,
combined_grid,0,20,60,30,-90,0,True,
combined_grid,0,20,60,30,-90,25,True,
combined_grid,0,20,60,30,-90,50,True,
combined_grid,0,20,60,30,0,0,True,
combined_grid,0,20,60,30,0,25,True,
combined_grid,0,20,60,30,0,50,True,
combined_grid,0,20,60,30,90,0,True,
combined_grid,0,20,60,30,90,25,True,
combined_grid,0,20,60,30,90,50,True,
combined_grid,0,20,60,60,-90,0,True,
combined_grid,0,20,60,60,-90,25,True,
combined_grid,0,20,60,60,-90,50,True,
combined_grid,0,20,60,60,0,0,True,
combined_grid,0,20,60,60,0,25,True,
combined_grid,0,20,60,60,0,50,True,
combined_grid,0,20,60,60,90,0,True,
combined_grid,0,20,60,60,90,25,True,
combined_grid,0,20,60,60,90,50,True,
combined_grid,0,40,-60,-60,-90,0,False,M01 / M05;M01 / M06;M01 / P05_wrist_XL430;M01 / P06_fixed_gripper_XL430;P01_base / M05;P01_base / M06;P01_base / P05_wrist_XL430;P01_base / P06_fixed_gripper_XL430
combined_grid,0,40,-60,-60,-90,25,False,M01 / M05;M01 / M06;M01 / P05_wrist_XL430;M01 / P06_fixed_gripper_XL430;P01_base / M05;P01_base / M06;P01_base / P05_wrist_XL430;P01_base / P06_fixed_gripper_XL430
combined_grid,0,40,-60,-60,-90,50,False,M01 / M05;M01 / M06;M01 / P05_wrist_XL430;M01 / P06_fixed_gripper_XL430;P01_base / M05;P01_base / M06;P01_base / P05_wrist_XL430;P01_base / P06_fixed_gripper_XL430
combined_grid,0,40,-60,-60,0,0,False,M01 / M05;M01 / M06;M01 / P05_wrist_XL430;M01 / P06_fixed_gripper_XL430;P01_base / M05;P01_base / M06;P01_base / P05_wrist_XL430;P01_base / P06_fixed_gripper_XL430;P01_base / P07_moving_gripper_XL430
combined_grid,0,40,-60,-60,0,25,False,M01 / M05;M01 / M06;M01 / P05_wrist_XL430;M01 / P06_fixed_gripper_XL430;P01_base / M05;P01_base / M06;P01_base / P05_wrist_XL430;P01_base / P06_fixed_gripper_XL430;P01_base / P07_moving_gripper_XL430
combined_grid,0,40,-60,-60,0,50,False,M01 / M05;M01 / M06;M01 / P05_wrist_XL430;M01 / P06_fixed_gripper_XL430;P01_base / M05;P01_base / M06;P01_base / P05_wrist_XL430;P01_base / P06_fixed_gripper_XL430;P01_base / P07_moving_gripper_XL430
combined_grid,0,40,-60,-60,90,0,False,M01 / M05;M01 / M06;M01 / P05_wrist_XL430;M01 / P06_fixed_gripper_XL430;P01_base / M05;P01_base / M06;P01_base / P05_wrist_XL430;P01_base / P06_fixed_gripper_XL430
combined_grid,0,40,-60,-60,90,25,False,M01 / M05;M01 / M06;M01 / P05_wrist_XL430;M01 / P06_fixed_gripper_XL430;P01_base / M05;P01_base / M06;P01_base / P05_wrist_XL430;P01_base / P06_fixed_gripper_XL430
combined_grid,0,40,-60,-60,90,50,False,M01 / M05;M01 / M06;M01 / P05_wrist_XL430;M01 / P06_fixed_gripper_XL430;P01_base / M05;P01_base / M06;P01_base / P05_wrist_XL430;P01_base / P06_fixed_gripper_XL430
combined_grid,0,40,-60,-30,-90,0,True,
combined_grid,0,40,-60,-30,-90,25,True,
combined_grid,0,40,-60,-30,-90,50,True,
combined_grid,0,40,-60,-30,0,0,True,
combined_grid,0,40,-60,-30,0,25,True,
combined_grid,0,40,-60,-30,0,50,True,
combined_grid,0,40,-60,-30,90,0,True,
combined_grid,0,40,-60,-30,90,25,True,
combined_grid,0,40,-60,-30,90,50,True,
combined_grid,0,40,-60,0,-90,0,True,
combined_grid,0,40,-60,0,-90,25,True,
combined_grid,0,40,-60,0,-90,50,True,
combined_grid,0,40,-60,0,0,0,True,
combined_grid,0,40,-60,0,0,25,True,
combined_grid,0,40,-60,0,0,50,True,
combined_grid,0,40,-60,0,90,0,True,
combined_grid,0,40,-60,0,90,25,True,
combined_grid,0,40,-60,0,90,50,True,
combined_grid,0,40,-60,30,-90,0,True,
combined_grid,0,40,-60,30,-90,25,True,
combined_grid,0,40,-60,30,-90,50,True,
combined_grid,0,40,-60,30,0,0,True,
combined_grid,0,40,-60,30,0,25,True,
combined_grid,0,40,-60,30,0,50,True,
combined_grid,0,40,-60,30,90,0,True,
combined_grid,0,40,-60,30,90,25,True,
combined_grid,0,40,-60,30,90,50,True,
combined_grid,0,40,-60,60,-90,0,True,
combined_grid,0,40,-60,60,-90,25,True,
combined_grid,0,40,-60,60,-90,50,True,
combined_grid,0,40,-60,60,0,0,True,
combined_grid,0,40,-60,60,0,25,True,
combined_grid,0,40,-60,60,0,50,True,
combined_grid,0,40,-60,60,90,0,True,
combined_grid,0,40,-60,60,90,25,True,
combined_grid,0,40,-60,60,90,50,True,
combined_grid,0,40,-30,-60,-90,0,True,
combined_grid,0,40,-30,-60,-90,25,True,
combined_grid,0,40,-30,-60,-90,50,True,
combined_grid,0,40,-30,-60,0,0,True,
combined_grid,0,40,-30,-60,0,25,True,
combined_grid,0,40,-30,-60,0,50,True,
combined_grid,0,40,-30,-60,90,0,True,
combined_grid,0,40,-30,-60,90,25,True,
combined_grid,0,40,-30,-60,90,50,True,
combined_grid,0,40,-30,-30,-90,0,True,
combined_grid,0,40,-30,-30,-90,25,True,
combined_grid,0,40,-30,-30,-90,50,True,
combined_grid,0,40,-30,-30,0,0,True,
combined_grid,0,40,-30,-30,0,25,True,
combined_grid,0,40,-30,-30,0,50,True,
combined_grid,0,40,-30,-30,90,0,True,
combined_grid,0,40,-30,-30,90,25,True,
combined_grid,0,40,-30,-30,90,50,True,
combined_grid,0,40,-30,0,-90,0,True,
combined_grid,0,40,-30,0,-90,25,True,
combined_grid,0,40,-30,0,-90,50,True,
combined_grid,0,40,-30,0,0,0,True,
combined_grid,0,40,-30,0,0,25,True,
combined_grid,0,40,-30,0,0,50,True,
combined_grid,0,40,-30,0,90,0,True,
combined_grid,0,40,-30,0,90,25,True,
combined_grid,0,40,-30,0,90,50,True,
combined_grid,0,40,-30,30,-90,0,True,
combined_grid,0,40,-30,30,-90,25,True,
combined_grid,0,40,-30,30,-90,50,True,
combined_grid,0,40,-30,30,0,0,True,
combined_grid,0,40,-30,30,0,25,True,
combined_grid,0,40,-30,30,0,50,True,
combined_grid,0,40,-30,30,90,0,True,
combined_grid,0,40,-30,30,90,25,True,
combined_grid,0,40,-30,30,90,50,True,
combined_grid,0,40,-30,60,-90,0,True,
combined_grid,0,40,-30,60,-90,25,True,
combined_grid,0,40,-30,60,-90,50,True,
combined_grid,0,40,-30,60,0,0,True,
combined_grid,0,40,-30,60,0,25,True,
combined_grid,0,40,-30,60,0,50,True,
combined_grid,0,40,-30,60,90,0,True,
combined_grid,0,40,-30,60,90,25,True,
combined_grid,0,40,-30,60,90,50,True,
combined_grid,0,40,0,-60,-90,0,True,
combined_grid,0,40,0,-60,-90,25,True,
combined_grid,0,40,0,-60,-90,50,True,
combined_grid,0,40,0,-60,0,0,True,
combined_grid,0,40,0,-60,0,25,True,
combined_grid,0,40,0,-60,0,50,True,
combined_grid,0,40,0,-60,90,0,True,
combined_grid,0,40,0,-60,90,25,True,
combined_grid,0,40,0,-60,90,50,True,
combined_grid,0,40,0,-30,-90,0,True,
combined_grid,0,40,0,-30,-90,25,True,
combined_grid,0,40,0,-30,-90,50,True,
combined_grid,0,40,0,-30,0,0,True,
combined_grid,0,40,0,-30,0,25,True,
combined_grid,0,40,0,-30,0,50,True,
combined_grid,0,40,0,-30,90,0,True,
combined_grid,0,40,0,-30,90,25,True,
combined_grid,0,40,0,-30,90,50,True,
combined_grid,0,40,0,0,-90,0,True,
combined_grid,0,40,0,0,-90,25,True,
combined_grid,0,40,0,0,-90,50,True,
combined_grid,0,40,0,0,0,0,True,
combined_grid,0,40,0,0,0,25,True,
combined_grid,0,40,0,0,0,50,True,
combined_grid,0,40,0,0,90,0,True,
combined_grid,0,40,0,0,90,25,True,
combined_grid,0,40,0,0,90,50,True,
combined_grid,0,40,0,30,-90,0,True,
combined_grid,0,40,0,30,-90,25,True,
combined_grid,0,40,0,30,-90,50,True,
combined_grid,0,40,0,30,0,0,True,
combined_grid,0,40,0,30,0,25,True,
combined_grid,0,40,0,30,0,50,True,
combined_grid,0,40,0,30,90,0,True,
combined_grid,0,40,0,30,90,25,True,
combined_grid,0,40,0,30,90,50,True,
combined_grid,0,40,0,60,-90,0,True,
combined_grid,0,40,0,60,-90,25,True,
combined_grid,0,40,0,60,-90,50,True,
combined_grid,0,40,0,60,0,0,True,
combined_grid,0,40,0,60,0,25,True,
combined_grid,0,40,0,60,0,50,True,
combined_grid,0,40,0,60,90,0,True,
combined_grid,0,40,0,60,90,25,True,
combined_grid,0,40,0,60,90,50,True,
combined_grid,0,40,30,-60,-90,0,True,
combined_grid,0,40,30,-60,-90,25,True,
combined_grid,0,40,30,-60,-90,50,True,
combined_grid,0,40,30,-60,0,0,True,
combined_grid,0,40,30,-60,0,25,True,
combined_grid,0,40,30,-60,0,50,True,
combined_grid,0,40,30,-60,90,0,True,
combined_grid,0,40,30,-60,90,25,True,
combined_grid,0,40,30,-60,90,50,True,
combined_grid,0,40,30,-30,-90,0,True,
combined_grid,0,40,30,-30,-90,25,True,
combined_grid,0,40,30,-30,-90,50,True,
combined_grid,0,40,30,-30,0,0,True,
combined_grid,0,40,30,-30,0,25,True,
combined_grid,0,40,30,-30,0,50,True,
combined_grid,0,40,30,-30,90,0,True,
combined_grid,0,40,30,-30,90,25,True,
combined_grid,0,40,30,-30,90,50,True,
combined_grid,0,40,30,0,-90,0,True,
combined_grid,0,40,30,0,-90,25,True,
combined_grid,0,40,30,0,-90,50,True,
combined_grid,0,40,30,0,0,0,True,
combined_grid,0,40,30,0,0,25,True,
combined_grid,0,40,30,0,0,50,True,
combined_grid,0,40,30,0,90,0,True,
combined_grid,0,40,30,0,90,25,True,
combined_grid,0,40,30,0,90,50,True,
combined_grid,0,40,30,30,-90,0,True,
combined_grid,0,40,30,30,-90,25,True,
combined_grid,0,40,30,30,-90,50,True,
combined_grid,0,40,30,30,0,0,True,
combined_grid,0,40,30,30,0,25,True,
combined_grid,0,40,30,30,0,50,True,
combined_grid,0,40,30,30,90,0,True,
combined_grid,0,40,30,30,90,25,True,
combined_grid,0,40,30,30,90,50,True,
combined_grid,0,40,30,60,-90,0,True,
combined_grid,0,40,30,60,-90,25,True,
combined_grid,0,40,30,60,-90,50,True,
combined_grid,0,40,30,60,0,0,True,
combined_grid,0,40,30,60,0,25,True,
combined_grid,0,40,30,60,0,50,True,
combined_grid,0,40,30,60,90,0,True,
combined_grid,0,40,30,60,90,25,True,
combined_grid,0,40,30,60,90,50,True,
combined_grid,0,40,60,-60,-90,0,True,
combined_grid,0,40,60,-60,-90,25,True,
combined_grid,0,40,60,-60,-90,50,True,
combined_grid,0,40,60,-60,0,0,True,
combined_grid,0,40,60,-60,0,25,True,
combined_grid,0,40,60,-60,0,50,True,
combined_grid,0,40,60,-60,90,0,True,
combined_grid,0,40,60,-60,90,25,True,
combined_grid,0,40,60,-60,90,50,True,
combined_grid,0,40,60,-30,-90,0,True,
combined_grid,0,40,60,-30,-90,25,True,
combined_grid,0,40,60,-30,-90,50,True,
combined_grid,0,40,60,-30,0,0,True,
combined_grid,0,40,60,-30,0,25,True,
combined_grid,0,40,60,-30,0,50,True,
combined_grid,0,40,60,-30,90,0,True,
combined_grid,0,40,60,-30,90,25,True,
combined_grid,0,40,60,-30,90,50,True,
combined_grid,0,40,60,0,-90,0,True,
combined_grid,0,40,60,0,-90,25,True,
combined_grid,0,40,60,0,-90,50,True,
combined_grid,0,40,60,0,0,0,True,
combined_grid,0,40,60,0,0,25,True,
combined_grid,0,40,60,0,0,50,True,
combined_grid,0,40,60,0,90,0,True,
combined_grid,0,40,60,0,90,25,True,
combined_grid,0,40,60,0,90,50,True,
combined_grid,0,40,60,30,-90,0,True,
combined_grid,0,40,60,30,-90,25,True,
combined_grid,0,40,60,30,-90,50,True,
combined_grid,0,40,60,30,0,0,True,
combined_grid,0,40,60,30,0,25,True,
combined_grid,0,40,60,30,0,50,True,
combined_grid,0,40,60,30,90,0,True,
combined_grid,0,40,60,30,90,25,True,
combined_grid,0,40,60,30,90,50,True,
combined_grid,0,40,60,60,-90,0,True,
combined_grid,0,40,60,60,-90,25,True,
combined_grid,0,40,60,60,-90,50,True,
combined_grid,0,40,60,60,0,0,True,
combined_grid,0,40,60,60,0,25,True,
combined_grid,0,40,60,60,0,50,True,
combined_grid,0,40,60,60,90,0,True,
combined_grid,0,40,60,60,90,25,True,
combined_grid,0,40,60,60,90,50,True,
